"Date","Price","Open","High","Low","Vol.","Change %"
"12/29/2025","7.7741","7.7709","7.7750","7.7712","","0.04%"
"12/28/2025","7.7713","7.7709","7.7717","7.7706","","0.00%"
"12/26/2025","7.7714","7.7750","7.7760","7.7704","","-0.05%"
"12/25/2025","7.7753","7.7754","7.7763","7.7744","","0.00%"
"12/24/2025","7.7753","7.7777","7.7781","7.7740","","-0.03%"
"12/23/2025","7.7775","7.7806","7.7810","7.7765","","-0.04%"
"12/22/2025","7.7808","7.7814","7.7823","7.7781","","-0.01%"
"12/19/2025","7.7814","7.7815","7.7832","7.7796","","0.00%"
"12/18/2025","7.7815","7.7809","7.7824","7.7785","","0.00%"
"12/17/2025","7.7812","7.7804","7.7812","7.7765","","0.01%"
"12/16/2025","7.7804","7.7821","7.7825","7.7759","","-0.02%"
"12/15/2025","7.7821","7.7840","7.7851","7.7808","","-0.02%"
"12/12/2025","7.7840","7.7821","7.7868","7.7806","","0.02%"
"12/11/2025","7.7821","7.7806","7.7837","7.7782","","0.02%"
"12/10/2025","7.7806","7.7822","7.7831","7.7796","","-0.02%"
"12/09/2025","7.7824","7.7807","7.7830","7.7781","","0.02%"
"12/08/2025","7.7808","7.7848","7.7854","7.7791","","-0.05%"
"12/05/2025","7.7849","7.7827","7.7860","7.7817","","0.03%"
"12/04/2025","7.7829","7.7842","7.7851","7.7808","","-0.02%"
"12/03/2025","7.7842","7.7847","7.7859","7.7814","","-0.01%"
"12/02/2025","7.7847","7.7884","7.7915","7.7832","","-0.05%"
"12/01/2025","7.7887","7.7859","7.7895","7.7842","","0.04%"
"11/28/2025","7.7859","7.7794","7.7867","7.7778","","0.08%"
"11/27/2025","7.7795","7.7784","7.7801","7.7754","","0.01%"
"11/26/2025","7.7784","7.7756","7.7788","7.7742","","0.04%"
"11/25/2025","7.7755","7.7818","7.7829","7.7729","","-0.08%"
"11/24/2025","7.7817","7.7826","7.7846","7.7806","","-0.01%"
"11/21/2025","7.7826","7.7838","7.7884","7.7822","","-0.02%"
"11/20/2025","7.7838","7.7907","7.7907","7.7808","","-0.09%"
"11/19/2025","7.7906","7.7848","7.7930","7.7837","","0.07%"
"11/18/2025","7.7848","7.7747","7.7867","7.7732","","0.13%"
"11/17/2025","7.7746","7.7729","7.7747","7.7712","","0.02%"
"11/14/2025","7.7729","7.7714","7.7738","7.7684","","0.02%"
"11/13/2025","7.7712","7.7719","7.7720","7.7686","","-0.01%"
"11/12/2025","7.7717","7.7727","7.7729","7.7693","","-0.01%"
"11/11/2025","7.7727","7.7737","7.7745","7.7708","","-0.01%"
"11/10/2025","7.7738","7.7767","7.7777","7.7725","","-0.04%"
"11/07/2025","7.7770","7.7755","7.7784","7.7739","","0.02%"
"11/06/2025","7.7754","7.7744","7.7760","7.7735","","0.01%"
"11/05/2025","7.7747","7.7746","7.7765","7.7731","","0.00%"
"11/04/2025","7.7744","7.7724","7.7750","7.7719","","0.02%"
"11/03/2025","7.7725","7.7707","7.7741","7.7707","","0.02%"
"10/31/2025","7.7707","7.7699","7.7726","7.7674","","0.01%"
"10/30/2025","7.7699","7.7711","7.7713","7.7670","","-0.01%"
"10/29/2025","7.7710","7.7695","7.7717","7.7677","","0.02%"
"10/28/2025","7.7695","7.7680","7.7705","7.7666","","0.02%"
"10/27/2025","7.7680","7.7697","7.7703","7.7668","","-0.03%"
"10/24/2025","7.7701","7.7716","7.7734","7.7684","","-0.02%"
"10/23/2025","7.7715","7.7721","7.7740","7.7689","","-0.01%"
"10/22/2025","7.7721","7.7721","7.7741","7.7683","","0.00%"
"10/21/2025","7.7721","7.7682","7.7725","7.7662","","0.05%"
"10/20/2025","7.7682","7.7673","7.7717","7.7663","","0.00%"
"10/17/2025","7.7679","7.7706","7.7713","7.7659","","-0.03%"
"10/16/2025","7.7706","7.7748","7.7754","7.7701","","-0.05%"
"10/15/2025","7.7748","7.7738","7.7782","7.7719","","0.01%"
"10/14/2025","7.7741","7.7805","7.7807","7.7733","","-0.08%"
"10/13/2025","7.7805","7.7824","7.7830","7.7755","","-0.02%"
"10/10/2025","7.7824","7.7817","7.7834","7.7801","","0.01%"
"10/09/2025","7.7817","7.7821","7.7829","7.7788","","-0.01%"
"10/08/2025","7.7822","7.7834","7.7851","7.7808","","-0.02%"
"10/07/2025","7.7834","7.7830","7.7839","7.7817","","0.01%"
"10/06/2025","7.7828","7.7810","7.7840","7.7802","","0.02%"
"10/03/2025","7.7810","7.7829","7.7837","7.7801","","-0.02%"
"10/02/2025","7.7829","7.7819","7.7838","7.7794","","0.01%"
"10/01/2025","7.7819","7.7829","7.7831","7.7810","","-0.01%"
"09/30/2025","7.7828","7.7835","7.7852","7.7790","","-0.01%"
"09/29/2025","7.7834","7.7796","7.7845","7.7783","","0.05%"
"09/26/2025","7.7796","7.7832","7.7850","7.7780","","-0.05%"
"09/25/2025","7.7832","7.7788","7.7840","7.7728","","0.06%"
"09/24/2025","7.7787","7.7761","7.7792","7.7731","","0.03%"
"09/23/2025","7.7761","7.7700","7.7772","7.7692","","0.07%"
"09/22/2025","7.7704","7.7747","7.7751","7.7655","","-0.06%"
"09/19/2025","7.7747","7.7779","7.7796","7.7742","","-0.04%"
"09/18/2025","7.7778","7.7783","7.7785","7.7729","","-0.01%"
"09/17/2025","7.7784","7.7811","7.7816","7.7730","","-0.03%"
"09/16/2025","7.7811","7.7797","7.7832","7.7769","","0.01%"
"09/15/2025","7.7800","7.7804","7.7824","7.7732","","-0.01%"
"09/12/2025","7.7804","7.7889","7.7893","7.7762","","-0.11%"
"09/11/2025","7.7890","7.7896","7.7915","7.7865","","-0.01%"
"09/10/2025","7.7894","7.7892","7.7918","7.7858","","0.00%"
"09/09/2025","7.7892","7.7929","7.7939","7.7862","","-0.05%"
"09/08/2025","7.7929","7.7970","7.7995","7.7905","","-0.05%"
"09/05/2025","7.7970","7.8009","7.8039","7.7953","","-0.05%"
"09/04/2025","7.8009","7.8002","7.8022","7.7962","","0.01%"
"09/03/2025","7.8002","7.8069","7.8124","7.7990","","-0.09%"
"09/02/2025","7.8071","7.7971","7.8082","7.7962","","0.13%"
"09/01/2025","7.7970","7.7973","7.7978","7.7901","","0.00%"
"08/29/2025","7.7973","7.7947","7.7975","7.7854","","0.05%"
"08/28/2025","7.7937","7.7859","7.7977","7.7835","","0.10%"
"08/27/2025","7.7863","7.7932","7.7952","7.7754","","-0.09%"
"08/26/2025","7.7934","7.8118","7.8133","7.7928","","-0.24%"
"08/25/2025","7.8120","7.8145","7.8170","7.8042","","-0.03%"
"08/22/2025","7.8145","7.8141","7.8197","7.8095","","0.01%"
"08/21/2025","7.8140","7.8126","7.8148","7.8061","","0.02%"
"08/20/2025","7.8126","7.7991","7.8166","7.7983","","0.17%"
"08/19/2025","7.7991","7.8197","7.8218","7.7927","","-0.26%"
"08/18/2025","7.8197","7.8259","7.8320","7.8155","","-0.08%"
"08/15/2025","7.8259","7.8333","7.8443","7.8118","","-0.09%"
"08/14/2025","7.8333","7.8498","7.8499","7.8317","","-0.21%"
"08/13/2025","7.8498","7.8502","7.8503","7.8483","","0.00%"
"08/12/2025","7.8500","7.8501","7.8503","7.8496","","0.00%"
"08/11/2025","7.8502","7.8500","7.8503","7.8495","","0.01%"
"08/08/2025","7.8498","7.8499","7.8503","7.8491","","0.00%"
"08/07/2025","7.8499","7.8497","7.8502","7.8479","","0.00%"
"08/06/2025","7.8499","7.8499","7.8502","7.8491","","0.00%"
"08/05/2025","7.8500","7.8498","7.8502","7.8491","","0.00%"
"08/04/2025","7.8499","7.8497","7.8503","7.8492","","0.01%"
"08/01/2025","7.8495","7.8498","7.8502","7.8491","","0.00%"
"07/31/2025","7.8498","7.8499","7.8503","7.8486","","0.00%"
"07/30/2025","7.8499","7.8501","7.8503","7.8492","","0.00%"
"07/29/2025","7.8500","7.8497","7.8503","7.8491","","0.00%"
"07/28/2025","7.8499","7.8496","7.8502","7.8474","","0.00%"
"07/25/2025","7.8496","7.8499","7.8503","7.8455","","0.00%"
"07/24/2025","7.8499","7.8499","7.8503","7.8480","","0.00%"
"07/23/2025","7.8499","7.8498","7.8502","7.8494","","0.00%"
"07/22/2025","7.8499","7.8499","7.8502","7.8491","","0.00%"
"07/21/2025","7.8499","7.8473","7.8502","7.8471","","0.03%"
"07/18/2025","7.8473","7.8491","7.8496","7.8459","","-0.02%"
"07/17/2025","7.8491","7.8497","7.8502","7.8427","","-0.01%"
"07/16/2025","7.8497","7.8503","7.8503","7.8490","","-0.01%"
"07/15/2025","7.8502","7.8499","7.8502","7.8495","","0.00%"
"07/14/2025","7.8500","7.8502","7.8503","7.8496","","0.00%"
"07/11/2025","7.8498","7.8498","7.8502","7.8492","","0.00%"
"07/10/2025","7.8500","7.8497","7.8502","7.8486","","0.00%"
"07/09/2025","7.8499","7.8499","7.8502","7.8493","","0.00%"
"07/08/2025","7.8499","7.8497","7.8502","7.8488","","0.00%"
"07/07/2025","7.8496","7.8499","7.8502","7.8492","","0.00%"
"07/04/2025","7.8499","7.8499","7.8502","7.8455","","0.00%"
"07/03/2025","7.8500","7.8502","7.8504","7.8495","","0.00%"
"07/02/2025","7.8499","7.8500","7.8503","7.8476","","0.00%"
"07/01/2025","7.8500","7.8498","7.8502","7.8496","","0.00%"
"06/30/2025","7.8500","7.8498","7.8502","7.8494","","0.00%"
"06/27/2025","7.8499","7.8497","7.8502","7.8487","","0.00%"
"06/26/2025","7.8498","7.8500","7.8501","7.8469","","0.00%"
"06/25/2025","7.8500","7.8500","7.8503","7.8496","","0.00%"
"06/24/2025","7.8500","7.8500","7.8503","7.8494","","0.00%"
"06/23/2025","7.8500","7.8500","7.8503","7.8490","","0.00%"
"06/20/2025","7.8500","7.8498","7.8503","7.8494","","0.00%"
"06/19/2025","7.8499","7.8499","7.8501","7.8487","","0.00%"
"06/18/2025","7.8499","7.8497","7.8501","7.8495","","0.00%"
"06/17/2025","7.8497","7.8498","7.8501","7.8493","","0.00%"
"06/16/2025","7.8497","7.8495","7.8500","7.8489","","0.00%"
"06/13/2025","7.8495","7.8494","7.8498","7.8484","","0.00%"
"06/12/2025","7.8494","7.8493","7.8498","7.8476","","0.00%"
"06/11/2025","7.8494","7.8482","7.8497","7.8478","","0.02%"
"06/10/2025","7.8481","7.8478","7.8491","7.8473","","0.01%"
"06/09/2025","7.8477","7.8469","7.8487","7.8463","","0.01%"
"06/06/2025","7.8469","7.8461","7.8477","7.8450","","0.01%"
"06/05/2025","7.8462","7.8466","7.8475","7.8439","","0.00%"
"06/04/2025","7.8464","7.8452","7.8478","7.8443","","0.02%"
"06/03/2025","7.8451","7.8446","7.8458","7.8431","","0.01%"
"06/02/2025","7.8446","7.8409","7.8450","7.8407","","0.05%"
"05/30/2025","7.8409","7.8420","7.8447","7.8392","","-0.01%"
"05/29/2025","7.8419","7.8389","7.8423","7.8345","","0.04%"
"05/28/2025","7.8386","7.8382","7.8406","7.8362","","0.00%"
"05/27/2025","7.8384","7.8362","7.8396","7.8349","","0.03%"
"05/26/2025","7.8363","7.8326","7.8382","7.8307","","0.05%"
"05/23/2025","7.8326","7.8268","7.8331","7.8261","","0.07%"
"05/22/2025","7.8268","7.8320","7.8322","7.8196","","-0.07%"
"05/21/2025","7.8321","7.8267","7.8334","7.8258","","0.07%"
"05/20/2025","7.8267","7.8214","7.8298","7.8203","","0.07%"
"05/19/2025","7.8214","7.8147","7.8222","7.8139","","0.09%"
"05/16/2025","7.8143","7.8059","7.8152","7.8048","","0.10%"
"05/15/2025","7.8062","7.8074","7.8106","7.8029","","-0.02%"
"05/14/2025","7.8075","7.7972","7.8113","7.7959","","0.13%"
"05/13/2025","7.7973","7.7912","7.7975","7.7871","","0.08%"
"05/12/2025","7.7913","7.7787","7.7959","7.7761","","0.16%"
"05/09/2025","7.7787","7.7738","7.7795","7.7689","","0.06%"
"05/08/2025","7.7738","7.7614","7.7760","7.7582","","0.16%"
"05/07/2025","7.7614","7.7534","7.7621","7.7501","","0.11%"
"05/06/2025","7.7532","7.7501","7.7538","7.7499","","0.04%"
"05/05/2025","7.7501","7.7501","7.7512","7.7498","","0.00%"
"05/02/2025","7.7501","7.7567","7.7572","7.7498","","-0.09%"
"05/01/2025","7.7567","7.7553","7.7578","7.7549","","0.01%"
"04/30/2025","7.7556","7.7589","7.7598","7.7542","","-0.04%"
"04/29/2025","7.7589","7.7565","7.7593","7.7562","","0.03%"
"04/28/2025","7.7567","7.7572","7.7588","7.7563","","-0.01%"
"04/25/2025","7.7574","7.7587","7.7593","7.7561","","-0.02%"
"04/24/2025","7.7588","7.7601","7.7601","7.7577","","-0.02%"
"04/23/2025","7.7601","7.7586","7.7610","7.7571","","0.03%"
"04/22/2025","7.7581","7.7593","7.7619","7.7560","","-0.02%"
"04/21/2025","7.7594","7.7619","7.7624","7.7593","","-0.03%"
"04/18/2025","7.7618","7.7639","7.7643","7.7617","","-0.03%"
"04/17/2025","7.7639","7.7624","7.7646","7.7598","","0.02%"
"04/16/2025","7.7623","7.7577","7.7635","7.7560","","0.06%"
"04/15/2025","7.7574","7.7562","7.7600","7.7550","","0.02%"
"04/14/2025","7.7561","7.7536","7.7592","7.7536","","0.03%"
"04/11/2025","7.7534","7.7587","7.7594","7.7534","","-0.07%"
"04/10/2025","7.7586","7.7611","7.7651","7.7564","","-0.03%"
"04/09/2025","7.7608","7.7711","7.7712","7.7530","","-0.13%"
"04/08/2025","7.7708","7.7678","7.7716","7.7673","","0.04%"
"04/07/2025","7.7676","7.7747","7.7758","7.7665","","-0.08%"
"04/04/2025","7.7742","7.7782","7.7787","7.7704","","-0.05%"
"04/03/2025","7.7780","7.7826","7.7847","7.7755","","-0.05%"
"04/02/2025","7.7821","7.7810","7.7833","7.7800","","0.02%"
"04/01/2025","7.7809","7.7804","7.7826","7.7790","","0.01%"
"03/31/2025","7.7802","7.7781","7.7820","7.7776","","0.03%"
"03/28/2025","7.7778","7.7757","7.7796","7.7753","","0.03%"
"03/27/2025","7.7754","7.7764","7.7774","7.7745","","-0.01%"
"03/26/2025","7.7761","7.7748","7.7767","7.7739","","0.02%"
"03/25/2025","7.7747","7.7742","7.7767","7.7734","","0.01%"
"03/24/2025","7.7742","7.7732","7.7749","7.7726","","0.01%"
"03/21/2025","7.7733","7.7728","7.7742","7.7714","","0.01%"
"03/20/2025","7.7726","7.7707","7.7732","7.7693","","0.02%"
"03/19/2025","7.7707","7.7693","7.7719","7.7690","","0.02%"
"03/18/2025","7.7691","7.7697","7.7708","7.7685","","-0.01%"
"03/17/2025","7.7695","7.7729","7.7734","7.7693","","-0.04%"
"03/14/2025","7.7728","7.7719","7.7741","7.7705","","0.01%"
"03/13/2025","7.7717","7.7694","7.7730","7.7687","","0.03%"
"03/12/2025","7.7691","7.7703","7.7722","7.7679","","-0.02%"
"03/11/2025","7.7704","7.7684","7.7713","7.7666","","0.03%"
"03/10/2025","7.7684","7.7705","7.7728","7.7664","","-0.02%"
"03/07/2025","7.7701","7.7719","7.7750","7.7690","","-0.02%"
"03/06/2025","7.7719","7.7710","7.7748","7.7693","","0.02%"
"03/05/2025","7.7707","7.7716","7.7746","7.7702","","-0.01%"
"03/04/2025","7.7714","7.7770","7.7781","7.7709","","-0.07%"
"03/03/2025","7.7768","7.7787","7.7789","7.7750","","-0.02%"
"02/28/2025","7.7783","7.7776","7.7797","7.7752","","0.01%"
"02/27/2025","7.7774","7.7741","7.7779","7.7721","","0.05%"
"02/26/2025","7.7739","7.7744","7.7747","7.7700","","0.00%"
"02/25/2025","7.7737","7.7747","7.7781","7.7726","","-0.02%"
"02/24/2025","7.7749","7.7699","7.7753","7.7685","","0.07%"
"02/21/2025","7.7695","7.7765","7.7771","7.7687","","-0.09%"
"02/20/2025","7.7763","7.7774","7.7810","7.7746","","-0.01%"
"02/19/2025","7.7770","7.7749","7.7783","7.7720","","0.03%"
"02/18/2025","7.7745","7.7805","7.7831","7.7732","","-0.07%"
"02/17/2025","7.7802","7.7845","7.7851","7.7785","","-0.05%"
"02/14/2025","7.7842","7.7883","7.7886","7.7818","","-0.05%"
"02/13/2025","7.7882","7.7897","7.7908","7.7852","","-0.02%"
"02/12/2025","7.7897","7.7919","7.7938","7.7880","","-0.03%"
"02/11/2025","7.7917","7.7889","7.7937","7.7882","","0.04%"
"02/10/2025","7.7886","7.7910","7.7918","7.7872","","-0.03%"
"02/07/2025","7.7906","7.7866","7.7913","7.7845","","0.06%"
"02/06/2025","7.7863","7.7866","7.7886","7.7836","","0.00%"
"02/05/2025","7.7864","7.7875","7.7903","7.7849","","-0.01%"
"02/04/2025","7.7869","7.7928","7.7935","7.7861","","-0.07%"
"02/03/2025","7.7927","7.7926","7.7956","7.7917","","0.01%"
"01/31/2025","7.7921","7.7915","7.7938","7.7909","","0.01%"
"01/30/2025","7.7916","7.7922","7.7937","7.7904","","-0.01%"
"01/29/2025","7.7920","7.7901","7.7923","7.7890","","0.03%"
"01/28/2025","7.7900","7.7884","7.7922","7.7872","","0.02%"
"01/27/2025","7.7881","7.7870","7.7921","7.7854","","0.02%"
"01/24/2025","7.7869","7.7894","7.7906","7.7843","","-0.03%"
"01/23/2025","7.7892","7.7884","7.7919","7.7859","","0.01%"
"01/22/2025","7.7884","7.7853","7.7908","7.7848","","0.04%"
"01/21/2025","7.7851","7.7804","7.7868","7.7783","","0.06%"
"01/20/2025","7.7802","7.7856","7.7867","7.7787","","-0.07%"
"01/17/2025","7.7859","7.7872","7.7891","7.7822","","-0.01%"
"01/16/2025","7.7870","7.7864","7.7893","7.7843","","0.00%"
"01/15/2025","7.7867","7.7869","7.7901","7.7846","","0.00%"
"01/14/2025","7.7866","7.7858","7.7881","7.7823","","0.01%"
"01/13/2025","7.7858","7.7874","7.7877","7.7843","","-0.02%"
"01/10/2025","7.7873","7.7826","7.7880","7.7803","","0.06%"
"01/09/2025","7.7825","7.7785","7.7833","7.7780","","0.06%"
"01/08/2025","7.7781","7.7769","7.7815","7.7737","","0.02%"
"01/07/2025","7.7767","7.7753","7.7776","7.7709","","0.02%"
"01/06/2025","7.7753","7.7778","7.7800","7.7720","","-0.03%"
"01/03/2025","7.7779","7.7768","7.7804","7.7759","","0.02%"
"01/02/2025","7.7767","7.7681","7.7793","7.7677","","0.11%"
"01/01/2025","7.7682","7.7682","7.7691","7.7666","","0.01%"
"12/31/2024","7.7677","7.7664","7.7694","7.7614","","0.02%"
"12/30/2024","7.7663","7.7620","7.7689","7.7590","","0.06%"
"12/27/2024","7.7618","7.7680","7.7683","7.7611","","-0.08%"
"12/26/2024","7.7679","7.7671","7.7685","7.7660","","0.01%"
"12/25/2024","7.7670","7.7674","7.7683","7.7659","","0.00%"
"12/24/2024","7.7673","7.7701","7.7713","7.7653","","-0.03%"
"12/23/2024","7.7699","7.7745","7.7747","7.7687","","-0.07%"
"12/20/2024","7.7750","7.7695","7.7766","7.7688","","0.07%"
"12/19/2024","7.7695","7.7704","7.7739","7.7683","","-0.01%"
"12/18/2024","7.7704","7.7693","7.7724","7.7684","","0.02%"
"12/17/2024","7.7692","7.7741","7.7751","7.7678","","-0.06%"
"12/16/2024","7.7740","7.7756","7.7769","7.7733","","-0.01%"
"12/13/2024","7.7751","7.7747","7.7767","7.7729","","0.01%"
"12/12/2024","7.7746","7.7743","7.7765","7.7735","","0.00%"
"12/11/2024","7.7746","7.7744","7.7782","7.7716","","0.01%"
"12/10/2024","7.7741","7.7745","7.7775","7.7708","","0.00%"
"12/09/2024","7.7742","7.7792","7.7817","7.7723","","-0.06%"
"12/06/2024","7.7791","7.7822","7.7830","7.7783","","-0.04%"
"12/05/2024","7.7821","7.7844","7.7846","7.7813","","-0.03%"
"12/04/2024","7.7844","7.7828","7.7854","7.7825","","0.02%"
"12/03/2024","7.7827","7.7818","7.7847","7.7810","","0.02%"
"12/02/2024","7.7815","7.7814","7.7839","7.7805","","0.00%"
"11/29/2024","7.7818","7.7839","7.7850","7.7799","","-0.02%"
"11/28/2024","7.7836","7.7814","7.7843","7.7806","","0.03%"
"11/27/2024","7.7816","7.7831","7.7833","7.7804","","-0.02%"
"11/26/2024","7.7829","7.7825","7.7840","7.7804","","0.01%"
"11/25/2024","7.7822","7.7842","7.7846","7.7799","","-0.02%"
"11/22/2024","7.7841","7.7831","7.7852","7.7812","","0.02%"
"11/21/2024","7.7826","7.7831","7.7840","7.7814","","-0.01%"
"11/20/2024","7.7835","7.7832","7.7846","7.7811","","0.01%"
"11/19/2024","7.7831","7.7838","7.7843","7.7804","","-0.01%"
"11/18/2024","7.7836","7.7852","7.7871","7.7831","","-0.02%"
"11/15/2024","7.7851","7.7814","7.7870","7.7811","","0.05%"
"11/14/2024","7.7812","7.7811","7.7844","7.7792","","0.01%"
"11/13/2024","7.7806","7.7780","7.7817","7.7764","","0.03%"
"11/12/2024","7.7779","7.7759","7.7797","7.7744","","0.03%"
"11/11/2024","7.7756","7.7748","7.7769","7.7724","","0.01%"
"11/08/2024","7.7745","7.7710","7.7759","7.7685","","0.05%"
"11/07/2024","7.7706","7.7764","7.7769","7.7705","","-0.07%"
"11/06/2024","7.7759","7.7729","7.7787","7.7715","","0.04%"
"11/05/2024","7.7727","7.7721","7.7751","7.7704","","0.01%"
"11/04/2024","7.7721","7.7775","7.7779","7.7715","","-0.06%"
"11/01/2024","7.7769","7.7731","7.7788","7.7727","","0.05%"
"10/31/2024","7.7729","7.7721","7.7762","7.7710","","0.01%"
"10/30/2024","7.7719","7.7710","7.7738","7.7695","","0.01%"
"10/29/2024","7.7710","7.7718","7.7724","7.7695","","-0.01%"
"10/28/2024","7.7714","7.7703","7.7735","7.7698","","0.02%"
"10/25/2024","7.7701","7.7704","7.7718","7.7685","","0.00%"
"10/24/2024","7.7701","7.7688","7.7715","7.7671","","0.02%"
"10/23/2024","7.7686","7.7722","7.7738","7.7686","","-0.05%"
"10/22/2024","7.7721","7.7730","7.7748","7.7715","","-0.01%"
"10/21/2024","7.7729","7.7697","7.7744","7.7679","","0.04%"
"10/18/2024","7.7700","7.7737","7.7743","7.7674","","-0.05%"
"10/17/2024","7.7736","7.7706","7.7759","7.7699","","0.04%"
"10/16/2024","7.7705","7.7674","7.7722","7.7667","","0.04%"
"10/15/2024","7.7672","7.7639","7.7689","7.7621","","0.04%"
"10/14/2024","7.7639","7.7702","7.7733","7.7611","","-0.08%"
"10/11/2024","7.7703","7.7699","7.7721","7.7687","","0.01%"
"10/10/2024","7.7698","7.7708","7.7738","7.7691","","-0.01%"
"10/09/2024","7.7708","7.7757","7.7772","7.7671","","-0.05%"
"10/08/2024","7.7748","7.7660","7.7761","7.7653","","0.12%"
"10/07/2024","7.7657","7.7663","7.7675","7.7634","","-0.01%"
"10/04/2024","7.7662","7.7641","7.7696","7.7621","","0.03%"
"10/03/2024","7.7638","7.7632","7.7720","7.7622","","0.02%"
"10/02/2024","7.7626","7.7718","7.7756","7.7620","","-0.11%"
"10/01/2024","7.7713","7.7727","7.7765","7.7706","","-0.02%"
"09/30/2024","7.7727","7.7726","7.7744","7.7630","","0.01%"
"09/27/2024","7.7721","7.7793","7.7834","7.7698","","-0.09%"
"09/26/2024","7.7789","7.7847","7.7865","7.7780","","-0.07%"
"09/25/2024","7.7845","7.7849","7.7886","7.7811","","0.00%"
"09/24/2024","7.7845","7.7866","7.7896","7.7817","","-0.02%"
"09/23/2024","7.7858","7.7917","7.7926","7.7845","","-0.05%"
"09/20/2024","7.7898","7.7951","7.7952","7.7892","","-0.06%"
"09/19/2024","7.7946","7.7932","7.7966","7.7911","","0.02%"
"09/18/2024","7.7928","7.7944","7.7952","7.7887","","-0.02%"
"09/17/2024","7.7942","7.7927","7.7947","7.7888","","0.02%"
"09/16/2024","7.7927","7.7982","7.7989","7.7925","","-0.08%"
"09/13/2024","7.7987","7.8031","7.8035","7.7969","","-0.06%"
"09/12/2024","7.8030","7.7986","7.8037","7.7966","","0.06%"
"09/11/2024","7.7985","7.7978","7.7996","7.7956","","0.02%"
"09/10/2024","7.7973","7.7969","7.7983","7.7950","","0.01%"
"09/09/2024","7.7965","7.7958","7.7979","7.7948","","0.01%"
"09/06/2024","7.7954","7.7932","7.7965","7.7890","","0.03%"
"09/05/2024","7.7930","7.7969","7.7972","7.7929","","-0.05%"
"09/04/2024","7.7967","7.7989","7.7993","7.7956","","-0.02%"
"09/03/2024","7.7986","7.7965","7.7993","7.7958","","0.03%"
"09/02/2024","7.7961","7.7976","7.7993","7.7958","","-0.02%"
"08/30/2024","7.7973","7.7980","7.8015","7.7934","","0.00%"
"08/29/2024","7.7975","7.8011","7.8015","7.7917","","-0.04%"
"08/28/2024","7.8007","7.8015","7.8028","7.7979","","-0.01%"
"08/27/2024","7.8011","7.7962","7.8030","7.7957","","0.07%"
"08/26/2024","7.7959","7.7954","7.7983","7.7937","","0.01%"
"08/23/2024","7.7954","7.7972","7.8007","7.7940","","-0.01%"
"08/22/2024","7.7965","7.7938","7.7982","7.7915","","0.04%"
"08/21/2024","7.7937","7.7884","7.7947","7.7875","","0.07%"
"08/20/2024","7.7880","7.7885","7.7911","7.7856","","0.00%"
"08/19/2024","7.7883","7.7944","7.7957","7.7876","","-0.08%"
"08/16/2024","7.7943","7.7970","7.7975","7.7931","","-0.03%"
"08/15/2024","7.7968","7.7927","7.7976","7.7889","","0.06%"
"08/14/2024","7.7920","7.7881","7.7934","7.7860","","0.05%"
"08/13/2024","7.7881","7.7913","7.7936","7.7877","","-0.03%"
"08/12/2024","7.7908","7.7979","7.7998","7.7898","","-0.09%"
"08/09/2024","7.7975","7.7949","7.7993","7.7933","","0.04%"
"08/08/2024","7.7946","7.7985","7.7986","7.7833","","-0.05%"
"08/07/2024","7.7984","7.7949","7.7997","7.7936","","0.05%"
"08/06/2024","7.7944","7.7891","7.7966","7.7875","","0.08%"
"08/05/2024","7.7885","7.8071","7.8074","7.7699","","-0.23%"
"08/02/2024","7.8062","7.8148","7.8159","7.8053","","-0.11%"
"08/01/2024","7.8147","7.8127","7.8164","7.8120","","0.03%"
"07/31/2024","7.8120","7.8134","7.8137","7.8106","","-0.02%"
"07/30/2024","7.8132","7.8102","7.8141","7.8092","","0.04%"
"07/29/2024","7.8098","7.8067","7.8119","7.8060","","0.04%"
"07/26/2024","7.8066","7.8067","7.8081","7.8054","","0.00%"
"07/25/2024","7.8064","7.8086","7.8094","7.8031","","-0.03%"
"07/24/2024","7.8084","7.8096","7.8098","7.8074","","-0.01%"
"07/23/2024","7.8093","7.8072","7.8099","7.8057","","0.03%"
"07/22/2024","7.8071","7.8102","7.8112","7.8065","","-0.04%"
"07/19/2024","7.8101","7.8101","7.8118","7.8087","","0.00%"
"07/18/2024","7.8101","7.8074","7.8102","7.8060","","0.04%"
"07/17/2024","7.8071","7.8082","7.8088","7.8050","","-0.01%"
"07/16/2024","7.8076","7.8063","7.8089","7.8035","","0.02%"
"07/15/2024","7.8064","7.8078","7.8091","7.8045","","-0.01%"
"07/12/2024","7.8073","7.8074","7.8084","7.8052","","0.00%"
"07/11/2024","7.8074","7.8109","7.8113","7.8064","","-0.04%"
"07/10/2024","7.8108","7.8120","7.8127","7.8102","","-0.01%"
"07/09/2024","7.8118","7.8100","7.8127","7.8093","","0.03%"
"07/08/2024","7.8096","7.8135","7.8136","7.8095","","-0.04%"
"07/05/2024","7.8129","7.8092","7.8139","7.8081","","0.05%"
"07/04/2024","7.8089","7.8098","7.8115","7.8077","","-0.01%"
"07/03/2024","7.8097","7.8136","7.8144","7.8093","","-0.05%"
"07/02/2024","7.8134","7.8123","7.8148","7.8108","","0.02%"
"07/01/2024","7.8121","7.8081","7.8134","7.8080","","0.05%"
"06/28/2024","7.8080","7.8089","7.8096","7.8061","","-0.01%"
"06/27/2024","7.8087","7.8092","7.8094","7.8064","","-0.01%"
"06/26/2024","7.8091","7.8088","7.8108","7.8075","","0.01%"
"06/25/2024","7.8085","7.8078","7.8100","7.8061","","0.01%"
"06/24/2024","7.8075","7.8059","7.8085","7.8028","","0.02%"
"06/21/2024","7.8057","7.8042","7.8068","7.8017","","0.02%"
"06/20/2024","7.8043","7.8068","7.8074","7.8035","","-0.03%"
"06/19/2024","7.8068","7.8071","7.8091","7.8053","","0.00%"
"06/18/2024","7.8071","7.8102","7.8110","7.8060","","-0.04%"
"06/17/2024","7.8101","7.8108","7.8127","7.8087","","-0.01%"
"06/14/2024","7.8106","7.8106","7.8127","7.8089","","0.01%"
"06/13/2024","7.8101","7.8095","7.8109","7.8075","","0.01%"
"06/12/2024","7.8093","7.8124","7.8129","7.8080","","-0.04%"
"06/11/2024","7.8121","7.8127","7.8135","7.8078","","-0.01%"
"06/10/2024","7.8126","7.8120","7.8140","7.8112","","0.01%"
"06/07/2024","7.8118","7.8097","7.8137","7.8079","","0.03%"
"06/06/2024","7.8094","7.8116","7.8120","7.8081","","-0.03%"
"06/05/2024","7.8116","7.8137","7.8141","7.8078","","-0.02%"
"06/04/2024","7.8133","7.8197","7.8207","7.8123","","-0.08%"
"06/03/2024","7.8195","7.8189","7.8218","7.8181","","0.01%"
"05/31/2024","7.8187","7.8172","7.8247","7.8134","","0.02%"
"05/30/2024","7.8173","7.8137","7.8192","7.8120","","0.05%"
"05/29/2024","7.8135","7.8116","7.8151","7.8106","","0.03%"
"05/28/2024","7.8114","7.8078","7.8120","7.8056","","0.06%"
"05/27/2024","7.8067","7.8123","7.8145","7.8064","","-0.07%"
"05/24/2024","7.8123","7.8091","7.8138","7.8080","","0.04%"
"05/23/2024","7.8092","7.8080","7.8095","7.8033","","0.02%"
"05/22/2024","7.8078","7.8049","7.8081","7.8029","","0.04%"
"05/21/2024","7.8044","7.7983","7.8050","7.7964","","0.08%"
"05/20/2024","7.7983","7.8022","7.8041","7.7974","","-0.05%"
"05/17/2024","7.8021","7.8012","7.8035","7.7993","","0.01%"
"05/16/2024","7.8012","7.8095","7.8107","7.8008","","-0.11%"
"05/15/2024","7.8096","7.8119","7.8124","7.8066","","-0.02%"
"05/14/2024","7.8112","7.8124","7.8131","7.8096","","-0.01%"
"05/13/2024","7.8117","7.8134","7.8159","7.8110","","-0.02%"
"05/10/2024","7.8132","7.8140","7.8169","7.8123","","-0.01%"
"05/09/2024","7.8136","7.8176","7.8183","7.8130","","-0.04%"
"05/08/2024","7.8170","7.8215","7.8224","7.8157","","-0.05%"
"05/07/2024","7.8213","7.8183","7.8229","7.8172","","0.04%"
"05/06/2024","7.8182","7.8120","7.8186","7.8102","","0.10%"
"05/03/2024","7.8105","7.8134","7.8176","7.8091","","-0.03%"
"05/02/2024","7.8127","7.8231","7.8233","7.8129","","-0.13%"
"05/01/2024","7.8229","7.8237","7.8247","7.8201","","-0.01%"
"04/30/2024","7.8235","7.8253","7.8275","7.8176","","-0.01%"
"04/29/2024","7.8246","7.8285","7.8299","7.8241","","-0.05%"
"04/26/2024","7.8283","7.8281","7.8310","7.8268","","0.01%"
"04/25/2024","7.8277","7.8314","7.8327","7.8275","","-0.05%"
"04/24/2024","7.8316","7.8347","7.8363","7.8299","","-0.04%"
"04/23/2024","7.8345","7.8355","7.8379","7.8344","","-0.01%"
"04/22/2024","7.8355","7.8328","7.8369","7.8319","","0.04%"
"04/19/2024","7.8321","7.8316","7.8338","7.8282","","0.01%"
"04/18/2024","7.8312","7.8306","7.8323","7.8293","","0.01%"
"04/17/2024","7.8302","7.8317","7.8326","7.8298","","-0.02%"
"04/16/2024","7.8316","7.8287","7.8327","7.8261","","0.04%"
"04/15/2024","7.8286","7.8375","7.8382","7.8274","","-0.11%"
"04/12/2024","7.8373","7.8380","7.8386","7.8356","","-0.01%"
"04/11/2024","7.8379","7.8358","7.8387","7.8334","","0.03%"
"04/10/2024","7.8354","7.8307","7.8360","7.8303","","0.06%"
"04/09/2024","7.8304","7.8320","7.8321","7.8300","","-0.02%"
"04/08/2024","7.8316","7.8291","7.8320","7.8285","","0.04%"
"04/05/2024","7.8283","7.8288","7.8296","7.8280","","0.00%"
"04/04/2024","7.8285","7.8288","7.8293","7.8277","","0.00%"
"04/03/2024","7.8287","7.8291","7.8295","7.8275","","-0.01%"
"04/02/2024","7.8291","7.8257","7.8295","7.8243","","0.05%"
"04/01/2024","7.8255","7.8257","7.8272","7.8240","","0.00%"
"03/29/2024","7.8255","7.8264","7.8277","7.8236","","-0.01%"
"03/28/2024","7.8265","7.8238","7.8270","7.8232","","0.03%"
"03/27/2024","7.8239","7.8236","7.8244","7.8221","","0.00%"
"03/26/2024","7.8237","7.8218","7.8239","7.8208","","0.03%"
"03/25/2024","7.8216","7.8218","7.8222","7.8186","","0.00%"
"03/22/2024","7.8216","7.8215","7.8227","7.8172","","0.00%"
"03/21/2024","7.8216","7.8229","7.8238","7.8197","","-0.02%"
"03/20/2024","7.8228","7.8232","7.8245","7.8219","","0.00%"
"03/19/2024","7.8230","7.8194","7.8236","7.8189","","0.05%"
"03/18/2024","7.8192","7.8215","7.8235","7.8178","","-0.03%"
"03/15/2024","7.8215","7.8229","7.8235","7.8207","","-0.01%"
"03/14/2024","7.8222","7.8233","7.8240","7.8207","","-0.01%"
"03/13/2024","7.8233","7.8236","7.8247","7.8222","","0.00%"
"03/12/2024","7.8235","7.8219","7.8250","7.8204","","0.02%"
"03/11/2024","7.8216","7.8204","7.8222","7.8190","","0.02%"
"03/08/2024","7.8203","7.8208","7.8221","7.8191","","-0.01%"
"03/07/2024","7.8207","7.8252","7.8253","7.8188","","-0.06%"
"03/06/2024","7.8252","7.8243","7.8253","7.8222","","0.02%"
"03/05/2024","7.8240","7.8250","7.8260","7.8221","","-0.01%"
"03/04/2024","7.8247","7.8284","7.8292","7.8236","","-0.05%"
"03/01/2024","7.8285","7.8293","7.8299","7.8273","","0.00%"
"02/29/2024","7.8288","7.8281","7.8296","7.8258","","0.01%"
"02/28/2024","7.8279","7.8246","7.8284","7.8239","","0.05%"
"02/27/2024","7.8241","7.8243","7.8253","7.8222","","0.00%"
"02/26/2024","7.8238","7.8239","7.8252","7.8225","","0.00%"
"02/23/2024","7.8238","7.8224","7.8253","7.8221","","0.02%"
"02/22/2024","7.8222","7.8209","7.8229","7.8197","","0.02%"
"02/21/2024","7.8209","7.8207","7.8221","7.8190","","0.00%"
"02/20/2024","7.8207","7.8210","7.8226","7.8200","","0.00%"
"02/19/2024","7.8208","7.8221","7.8223","7.8200","","-0.02%"
"02/16/2024","7.8223","7.8194","7.8231","7.8189","","0.04%"
"02/15/2024","7.8193","7.8183","7.8211","7.8172","","0.01%"
"02/14/2024","7.8182","7.8191","7.8201","7.8171","","-0.01%"
"02/13/2024","7.8192","7.8170","7.8204","7.8166","","0.03%"
"02/12/2024","7.8167","7.8203","7.8212","7.8162","","-0.04%"
"02/09/2024","7.8197","7.8211","7.8224","7.8190","","-0.02%"
"02/08/2024","7.8210","7.8190","7.8218","7.8184","","0.03%"
"02/07/2024","7.8189","7.8226","7.8234","7.8182","","-0.04%"
"02/06/2024","7.8224","7.8218","7.8239","7.8207","","0.01%"
"02/05/2024","7.8215","7.8210","7.8232","7.8201","","0.02%"
"02/02/2024","7.8201","7.8200","7.8222","7.8172","","0.01%"
"02/01/2024","7.8196","7.8182","7.8214","7.8158","","0.02%"
"01/31/2024","7.8180","7.8176","7.8201","7.8165","","0.00%"
"01/30/2024","7.8177","7.8137","7.8183","7.8113","","0.05%"
"01/29/2024","7.8136","7.8150","7.8172","7.8117","","-0.01%"
"01/26/2024","7.8144","7.8182","7.8191","7.8125","","-0.04%"
"01/25/2024","7.8176","7.8179","7.8197","7.8152","","0.00%"
"01/24/2024","7.8177","7.8222","7.8239","7.8172","","-0.05%"
"01/23/2024","7.8219","7.8179","7.8239","7.8163","","0.06%"
"01/22/2024","7.8176","7.8180","7.8193","7.8158","","0.00%"
"01/19/2024","7.8175","7.8210","7.8231","7.8168","","-0.04%"
"01/18/2024","7.8208","7.8214","7.8234","7.8176","","0.00%"
"01/17/2024","7.8210","7.8264","7.8274","7.8186","","-0.06%"
"01/16/2024","7.8260","7.8235","7.8286","7.8204","","0.03%"
"01/15/2024","7.8235","7.8211","7.8242","7.8172","","0.03%"
"01/12/2024","7.8211","7.8179","7.8233","7.8161","","0.05%"
"01/11/2024","7.8175","7.8193","7.8205","7.8151","","-0.02%"
"01/10/2024","7.8191","7.8161","7.8216","7.8148","","0.04%"
"01/09/2024","7.8157","7.8067","7.8168","7.8061","","0.12%"
"01/08/2024","7.8065","7.8120","7.8123","7.8057","","-0.06%"
"01/05/2024","7.8112","7.8082","7.8126","7.8076","","0.04%"
"01/04/2024","7.8081","7.8068","7.8101","7.8057","","0.02%"
"01/03/2024","7.8069","7.8155","7.8161","7.8046","","-0.11%"
"01/02/2024","7.8155","7.8095","7.8164","7.8085","","0.08%"
"01/01/2024","7.8091","7.8087","7.8098","7.8087","","0.01%"
"12/29/2023","7.8086","7.8131","7.8179","7.8074","","-0.06%"
"12/28/2023","7.8130","7.8102","7.8179","7.8095","","0.04%"
"12/27/2023","7.8099","7.8080","7.8181","7.8074","","0.03%"
"12/26/2023","7.8074","7.8119","7.8144","7.8063","","-0.05%"
"12/25/2023","7.8114","7.8126","7.8168","7.8088","","-0.01%"
"12/22/2023","7.8124","7.8095","7.8166","7.8081","","0.05%"
"12/21/2023","7.8083","7.8071","7.8116","7.8033","","0.01%"
"12/20/2023","7.8073","7.7989","7.8090","7.7978","","0.12%"
"12/19/2023","7.7983","7.7958","7.8024","7.7934","","0.03%"
"12/18/2023","7.7957","7.8026","7.8052","7.7943","","-0.09%"
"12/15/2023","7.8025","7.8074","7.8088","7.8006","","-0.06%"
"12/14/2023","7.8074","7.8110","7.8120","7.8053","","-0.04%"
"12/13/2023","7.8107","7.8092","7.8147","7.8060","","0.02%"
"12/12/2023","7.8089","7.8052","7.8112","7.8017","","0.05%"
"12/11/2023","7.8049","7.8084","7.8122","7.8040","","-0.04%"
"12/08/2023","7.8082","7.8116","7.8155","7.8074","","-0.04%"
"12/07/2023","7.8114","7.8113","7.8154","7.8074","","0.00%"
"12/06/2023","7.8111","7.8193","7.8197","7.8081","","-0.10%"
"12/05/2023","7.8188","7.8159","7.8200","7.8139","","0.04%"
"12/04/2023","7.8158","7.8145","7.8175","7.8122","","0.02%"
"12/01/2023","7.8143","7.8102","7.8155","7.8096","","0.05%"
"11/30/2023","7.8106","7.8043","7.8120","7.8021","","0.08%"
"11/29/2023","7.8042","7.7966","7.8061","7.7940","","0.10%"
"11/28/2023","7.7963","7.7913","7.7982","7.7882","","0.07%"
"11/27/2023","7.7910","7.7931","7.7941","7.7857","","0.00%"
"11/24/2023","7.7908","7.7993","7.7999","7.7911","","-0.10%"
"11/23/2023","7.7986","7.7965","7.7997","7.7940","","0.03%"
"11/22/2023","7.7964","7.7962","7.8014","7.7946","","0.01%"
"11/21/2023","7.7958","7.7933","7.7969","7.7894","","0.03%"
"11/20/2023","7.7931","7.7957","7.7979","7.7901","","-0.02%"
"11/17/2023","7.7949","7.8012","7.8031","7.7948","","-0.08%"
"11/16/2023","7.8011","7.8068","7.8109","7.7993","","-0.07%"
"11/15/2023","7.8067","7.8049","7.8081","7.8029","","0.03%"
"11/14/2023","7.8042","7.8083","7.8111","7.8045","","-0.05%"
"11/13/2023","7.8081","7.8100","7.8120","7.8067","","-0.02%"
"11/10/2023","7.8096","7.8085","7.8127","7.8032","","0.02%"
"11/09/2023","7.8077","7.8147","7.8159","7.8075","","-0.09%"
"11/08/2023","7.8148","7.8196","7.8204","7.8140","","-0.06%"
"11/07/2023","7.8192","7.8207","7.8224","7.8178","","-0.02%"
"11/06/2023","7.8208","7.8246","7.8250","7.8191","","-0.04%"
"11/03/2023","7.8241","7.8247","7.8275","7.8238","","0.00%"
"11/02/2023","7.8244","7.8236","7.8259","7.8218","","0.01%"
"11/01/2023","7.8235","7.8243","7.8258","7.8215","","0.00%"
"10/31/2023","7.8237","7.8208","7.8257","7.8199","","0.04%"
"10/30/2023","7.8206","7.8217","7.8226","7.8200","","-0.01%"
"10/27/2023","7.8214","7.8208","7.8228","7.8182","","0.01%"
"10/26/2023","7.8207","7.8217","7.8244","7.8199","","-0.01%"
"10/25/2023","7.8213","7.8235","7.8249","7.8211","","-0.02%"
"10/24/2023","7.8230","7.8240","7.8252","7.8210","","-0.01%"
"10/23/2023","7.8238","7.8242","7.8267","7.8233","","0.00%"
"10/20/2023","7.8240","7.8242","7.8256","7.8190","","0.01%"
"10/19/2023","7.8235","7.8299","7.8301","7.8228","","-0.08%"
"10/18/2023","7.8296","7.8241","7.8300","7.8219","","0.07%"
"10/17/2023","7.8240","7.8166","7.8246","7.8161","","0.10%"
"10/16/2023","7.8164","7.8245","7.8253","7.8163","","-0.10%"
"10/13/2023","7.8244","7.8239","7.8254","7.8210","","0.01%"
"10/12/2023","7.8237","7.8198","7.8245","7.8179","","0.05%"
"10/11/2023","7.8196","7.8193","7.8220","7.8156","","0.01%"
"10/10/2023","7.8188","7.8292","7.8307","7.8180","","-0.13%"
"10/09/2023","7.8289","7.8319","7.8327","7.8284","","-0.03%"
"10/06/2023","7.8313","7.8306","7.8328","7.8298","","0.02%"
"10/05/2023","7.8300","7.8286","7.8319","7.8277","","0.02%"
"10/04/2023","7.8286","7.8321","7.8330","7.8280","","-0.04%"
"10/03/2023","7.8320","7.8320","7.8345","7.8283","","0.00%"
"10/02/2023","7.8320","7.8308","7.8330","7.8300","","0.02%"
"09/29/2023","7.8307","7.8295","7.8327","7.8260","","0.02%"
"09/28/2023","7.8293","7.8206","7.8302","7.8203","","0.12%"
"09/27/2023","7.8201","7.8211","7.8239","7.8197","","-0.01%"
"09/26/2023","7.8208","7.8163","7.8231","7.8158","","0.07%"
"09/25/2023","7.8156","7.8197","7.8208","7.8135","","-0.05%"
"09/22/2023","7.8199","7.8210","7.8217","7.8172","","-0.01%"
"09/21/2023","7.8205","7.8231","7.8264","7.8190","","-0.02%"
"09/20/2023","7.8224","7.8200","7.8243","7.8194","","0.03%"
"09/19/2023","7.8201","7.8183","7.8211","7.8140","","0.02%"
"09/18/2023","7.8183","7.8260","7.8279","7.8175","","-0.09%"
"09/15/2023","7.8257","7.8285","7.8300","7.8251","","-0.03%"
"09/14/2023","7.8283","7.8260","7.8299","7.8243","","0.03%"
"09/13/2023","7.8257","7.8270","7.8292","7.8233","","-0.02%"
"09/12/2023","7.8269","7.8323","7.8341","7.8268","","-0.06%"
"09/11/2023","7.8318","7.8403","7.8415","7.8312","","-0.10%"
"09/08/2023","7.8396","7.8396","7.8415","7.8353","","0.01%"
"09/07/2023","7.8391","7.8425","7.8432","7.8362","","-0.04%"
"09/06/2023","7.8424","7.8412","7.8439","7.8401","","0.02%"
"09/05/2023","7.8407","7.8347","7.8417","7.8340","","0.09%"
"09/04/2023","7.8339","7.8450","7.8466","7.8317","","-0.14%"
"09/01/2023","7.8450","7.8418","7.8464","7.8407","","0.04%"
"08/31/2023","7.8417","7.8476","7.8478","7.8412","","-0.07%"
"08/30/2023","7.8470","7.8467","7.8481","7.8436","","0.01%"
"08/29/2023","7.8465","7.8460","7.8475","7.8434","","0.01%"
"08/28/2023","7.8458","7.8442","7.8465","7.8425","","0.03%"
"08/25/2023","7.8437","7.8425","7.8455","7.8404","","0.02%"
"08/24/2023","7.8423","7.8417","7.8433","7.8380","","0.02%"
"08/23/2023","7.8409","7.8371","7.8425","7.8359","","0.06%"
"08/22/2023","7.8365","7.8380","7.8394","7.8323","","-0.02%"
"08/21/2023","7.8379","7.8330","7.8396","7.8319","","0.06%"
"08/18/2023","7.8329","7.8295","7.8337","7.8250","","0.04%"
"08/17/2023","7.8294","7.8312","7.8334","7.8263","","-0.02%"
"08/16/2023","7.8310","7.8232","7.8320","7.8228","","0.10%"
"08/15/2023","7.8230","7.8195","7.8246","7.8187","","0.04%"
"08/14/2023","7.8195","7.8180","7.8212","7.8145","","0.03%"
"08/11/2023","7.8173","7.8191","7.8201","7.8123","","-0.02%"
"08/10/2023","7.8191","7.8211","7.8215","7.8154","","-0.02%"
"08/09/2023","7.8209","7.8142","7.8217","7.8115","","0.09%"
"08/08/2023","7.8141","7.8071","7.8147","7.8060","","0.09%"
"08/07/2023","7.8069","7.8113","7.8118","7.8054","","-0.05%"
"08/04/2023","7.8110","7.8064","7.8120","7.8053","","0.06%"
"08/03/2023","7.8061","7.8015","7.8085","7.8012","","0.06%"
"08/02/2023","7.8014","7.7941","7.8025","7.7930","","0.10%"
"08/01/2023","7.7934","7.7981","7.8011","7.7925","","-0.05%"
"07/31/2023","7.7975","7.7966","7.8030","7.7955","","0.02%"
"07/28/2023","7.7958","7.8025","7.8061","7.7956","","-0.08%"
"07/27/2023","7.8023","7.8010","7.8039","7.7938","","0.02%"
"07/26/2023","7.8009","7.8117","7.8123","7.7987","","-0.13%"
"07/25/2023","7.8111","7.8131","7.8148","7.8099","","-0.02%"
"07/24/2023","7.8130","7.8176","7.8183","7.8113","","-0.05%"
"07/21/2023","7.8170","7.8137","7.8180","7.8128","","0.04%"
"07/20/2023","7.8137","7.8092","7.8142","7.8063","","0.06%"
"07/19/2023","7.8090","7.8138","7.8142","7.8032","","-0.05%"
"07/18/2023","7.8128","7.8137","7.8186","7.8106","","-0.01%"
"07/17/2023","7.8138","7.8147","7.8151","7.8094","","0.00%"
"07/14/2023","7.8138","7.8221","7.8222","7.8131","","-0.10%"
"07/13/2023","7.8219","7.8263","7.8270","7.8194","","-0.05%"
"07/12/2023","7.8260","7.8269","7.8297","7.8253","","-0.01%"
"07/11/2023","7.8269","7.8278","7.8307","7.8238","","-0.01%"
"07/10/2023","7.8278","7.8271","7.8317","7.8270","","0.01%"
"07/07/2023","7.8269","7.8218","7.8294","7.8200","","0.07%"
"07/06/2023","7.8217","7.8224","7.8235","7.8126","","-0.01%"
"07/05/2023","7.8222","7.8309","7.8321","7.8204","","-0.11%"
"07/04/2023","7.8308","7.8344","7.8348","7.8281","","-0.04%"
"07/03/2023","7.8336","7.8368","7.8382","7.8314","","-0.03%"
"06/30/2023","7.8360","7.8385","7.8389","7.8335","","-0.03%"
"06/29/2023","7.8384","7.8326","7.8390","7.8312","","0.08%"
"06/28/2023","7.8325","7.8334","7.8345","7.8296","","-0.01%"
"06/27/2023","7.8334","7.8302","7.8345","7.8282","","0.04%"
"06/26/2023","7.8301","7.8302","7.8322","7.8260","","0.00%"
"06/23/2023","7.8298","7.8305","7.8317","7.8274","","-0.01%"
"06/22/2023","7.8304","7.8278","7.8313","7.8247","","0.03%"
"06/21/2023","7.8277","7.8257","7.8298","7.8230","","0.03%"
"06/20/2023","7.8257","7.8168","7.8264","7.8138","","0.12%"
"06/19/2023","7.8165","7.8202","7.8264","7.8129","","-0.04%"
"06/16/2023","7.8197","7.8215","7.8268","7.8182","","-0.02%"
"06/15/2023","7.8214","7.8313","7.8316","7.8205","","-0.13%"
"06/14/2023","7.8312","7.8333","7.8344","7.8298","","-0.03%"
"06/13/2023","7.8335","7.8352","7.8366","7.8326","","-0.02%"
"06/12/2023","7.8350","7.8391","7.8408","7.8321","","-0.05%"
"06/09/2023","7.8388","7.8366","7.8411","7.8331","","0.03%"
"06/08/2023","7.8364","7.8421","7.8422","7.8330","","-0.07%"
"06/07/2023","7.8420","7.8428","7.8443","7.8375","","-0.01%"
"06/06/2023","7.8430","7.8380","7.8440","7.8370","","0.06%"
"06/05/2023","7.8380","7.8376","7.8397","7.8362","","0.01%"
"06/02/2023","7.8375","7.8298","7.8382","7.8284","","0.10%"
"06/01/2023","7.8296","7.8296","7.8340","7.8288","","0.00%"
"05/31/2023","7.8298","7.8343","7.8380","7.8248","","-0.05%"
"05/30/2023","7.8341","7.8281","7.8351","7.8226","","0.08%"
"05/29/2023","7.8279","7.8331","7.8356","7.8260","","-0.07%"
"05/26/2023","7.8330","7.8349","7.8359","7.8319","","-0.02%"
"05/25/2023","7.8347","7.8292","7.8354","7.8271","","0.07%"
"05/24/2023","7.8291","7.8375","7.8384","7.8271","","-0.10%"
"05/23/2023","7.8369","7.8281","7.8380","7.8251","","0.11%"
"05/22/2023","7.8281","7.8169","7.8291","7.8127","","0.17%"
"05/19/2023","7.8152","7.8268","7.8275","7.8065","","-0.15%"
"05/18/2023","7.8266","7.8302","7.8317","7.8243","","-0.04%"
"05/17/2023","7.8301","7.8382","7.8390","7.8281","","-0.10%"
"05/16/2023","7.8380","7.8386","7.8398","7.8327","","-0.01%"
"05/15/2023","7.8385","7.8419","7.8453","7.8376","","-0.05%"
"05/12/2023","7.8421","7.8362","7.8435","7.8357","","0.08%"
"05/11/2023","7.8356","7.8314","7.8398","7.8254","","0.05%"
"05/10/2023","7.8315","7.8414","7.8422","7.8282","","-0.12%"
"05/09/2023","7.8412","7.8488","7.8494","7.8408","","-0.10%"
"05/08/2023","7.8487","7.8474","7.8493","7.8469","","0.02%"
"05/05/2023","7.8474","7.8478","7.8496","7.8466","","0.00%"
"05/04/2023","7.8473","7.8497","7.8500","7.8470","","-0.03%"
"05/03/2023","7.8499","7.8499","7.8503","7.8495","","0.00%"
"05/02/2023","7.8497","7.8498","7.8503","7.8494","","0.00%"
"05/01/2023","7.8497","7.8498","7.8503","7.8493","","0.00%"
"04/28/2023","7.8495","7.8495","7.8502","7.8493","","0.00%"
"04/27/2023","7.8495","7.8496","7.8503","7.8488","","0.00%"
"04/26/2023","7.8494","7.8498","7.8503","7.8490","","0.00%"
"04/25/2023","7.8496","7.8492","7.8502","7.8479","","0.01%"
"04/24/2023","7.8491","7.8478","7.8497","7.8464","","0.02%"
"04/21/2023","7.8475","7.8498","7.8500","7.8440","","-0.03%"
"04/20/2023","7.8496","7.8496","7.8502","7.8474","","0.00%"
"04/19/2023","7.8496","7.8499","7.8503","7.8472","","0.00%"
"04/18/2023","7.8499","7.8493","7.8503","7.8485","","0.01%"
"04/17/2023","7.8492","7.8488","7.8502","7.8475","","0.01%"
"04/14/2023","7.8486","7.8498","7.8502","7.8488","","-0.01%"
"04/13/2023","7.8497","7.8495","7.8502","7.8471","","0.00%"
"04/12/2023","7.8498","7.8496","7.8502","7.8495","","0.01%"
"04/11/2023","7.8494","7.8499","7.8502","7.8491","","-0.01%"
"04/10/2023","7.8498","7.8496","7.8502","7.8495","","0.01%"
"04/07/2023","7.8492","7.8499","7.8502","7.8493","","-0.01%"
"04/06/2023","7.8498","7.8496","7.8502","7.8492","","0.01%"
"04/05/2023","7.8494","7.8495","7.8502","7.8492","","0.00%"
"04/04/2023","7.8493","7.8500","7.8502","7.8464","","-0.01%"
"04/03/2023","7.8498","7.8497","7.8502","7.8493","","0.00%"
"03/31/2023","7.8495","7.8499","7.8503","7.8492","","0.00%"
"03/30/2023","7.8498","7.8499","7.8502","7.8471","","0.00%"
"03/29/2023","7.8497","7.8499","7.8502","7.8486","","0.00%"
"03/28/2023","7.8497","7.8498","7.8502","7.8495","","0.00%"
"03/27/2023","7.8498","7.8492","7.8502","7.8488","","0.01%"
"03/24/2023","7.8492","7.8495","7.8500","7.8486","","0.00%"
"03/23/2023","7.8494","7.8473","7.8500","7.8463","","0.03%"
"03/22/2023","7.8471","7.8458","7.8489","7.8438","","0.02%"
"03/21/2023","7.8458","7.8413","7.8470","7.8355","","0.06%"
"03/20/2023","7.8414","7.8490","7.8498","7.8409","","-0.10%"
"03/17/2023","7.8491","7.8497","7.8502","7.8488","","-0.01%"
"03/16/2023","7.8496","7.8495","7.8502","7.8472","","0.00%"
"03/15/2023","7.8494","7.8484","7.8501","7.8467","","0.02%"
"03/14/2023","7.8482","7.8442","7.8488","7.8380","","0.05%"
"03/13/2023","7.8441","7.8468","7.8492","7.8372","","-0.03%"
"03/10/2023","7.8466","7.8497","7.8501","7.8453","","-0.04%"
"03/09/2023","7.8494","7.8500","7.8502","7.8490","","0.00%"
"03/08/2023","7.8497","7.8498","7.8502","7.8495","","0.00%"
"03/07/2023","7.8496","7.8495","7.8502","7.8491","","0.00%"
"03/06/2023","7.8493","7.8499","7.8502","7.8490","","0.01%"
"03/03/2023","7.8489","7.8496","7.8503","7.8492","","-0.01%"
"03/02/2023","7.8495","7.8496","7.8500","7.8482","","0.00%"
"03/01/2023","7.8494","7.8493","7.8500","7.8488","","0.00%"
"02/28/2023","7.8491","7.8440","7.8499","7.8435","","0.07%"
"02/27/2023","7.8440","7.8479","7.8486","7.8432","","-0.06%"
"02/24/2023","7.8486","7.8465","7.8499","7.8458","","0.02%"
"02/23/2023","7.8468","7.8464","7.8475","7.8422","","0.01%"
"02/22/2023","7.8462","7.8448","7.8477","7.8415","","0.03%"
"02/21/2023","7.8441","7.8338","7.8458","7.8334","","0.13%"
"02/20/2023","7.8342","7.8448","7.8454","7.8229","","-0.13%"
"02/17/2023","7.8446","7.8492","7.8496","7.8437","","-0.05%"
"02/16/2023","7.8488","7.8479","7.8497","7.8464","","0.01%"
"02/15/2023","7.8478","7.8500","7.8500","7.8438","","-0.03%"
"02/14/2023","7.8499","7.8499","7.8503","7.8495","","0.00%"
"02/13/2023","7.8498","7.8494","7.8502","7.8492","","0.00%"
"02/10/2023","7.8498","7.8498","7.8502","7.8494","","0.00%"
"02/09/2023","7.8497","7.8498","7.8502","7.8482","","0.00%"
"02/08/2023","7.8497","7.8486","7.8502","7.8480","","0.02%"
"02/07/2023","7.8484","7.8465","7.8491","7.8461","","0.03%"
"02/06/2023","7.8460","7.8470","7.8489","7.8447","","-0.01%"
"02/03/2023","7.8468","7.8443","7.8480","7.8429","","0.03%"
"02/02/2023","7.8441","7.8428","7.8450","7.8387","","0.02%"
"02/01/2023","7.8424","7.8407","7.8436","7.8390","","0.03%"
"01/31/2023","7.8401","7.8355","7.8420","7.8347","","0.06%"
"01/30/2023","7.8352","7.8285","7.8376","7.8280","","0.08%"
"01/27/2023","7.8292","7.8284","7.8320","7.8274","","0.02%"
"01/26/2023","7.8280","7.8306","7.8329","7.8270","","-0.03%"
"01/25/2023","7.8306","7.8305","7.8341","7.8288","","0.01%"
"01/24/2023","7.8297","7.8314","7.8326","7.8273","","-0.02%"
"01/23/2023","7.8309","7.8277","7.8316","7.8252","","0.03%"
"01/20/2023","7.8289","7.8303","7.8345","7.8250","","-0.01%"
"01/19/2023","7.8299","7.8247","7.8340","7.8225","","0.07%"
"01/18/2023","7.8246","7.8165","7.8286","7.8162","","0.11%"
"01/17/2023","7.8161","7.8108","7.8229","7.8102","","0.07%"
"01/16/2023","7.8106","7.8094","7.8123","7.8060","","0.02%"
"01/13/2023","7.8092","7.8088","7.8129","7.8078","","0.01%"
"01/12/2023","7.8086","7.8133","7.8145","7.8071","","-0.06%"
"01/11/2023","7.8131","7.8090","7.8146","7.8078","","0.06%"
"01/10/2023","7.8083","7.8039","7.8101","7.8036","","0.06%"
"01/09/2023","7.8034","7.8064","7.8089","7.8029","","-0.04%"
"01/06/2023","7.8062","7.8142","7.8156","7.8047","","-0.10%"
"01/05/2023","7.8139","7.8171","7.8212","7.8078","","-0.03%"
"01/04/2023","7.8160","7.8134","7.8206","7.8113","","0.04%"
"01/03/2023","7.8131","7.8064","7.8166","7.8039","","0.13%"
"01/02/2023","7.8032","7.8096","7.8102","7.8017","","-0.08%"
"12/30/2022","7.8095","7.7962","7.8100","7.7919","","0.17%"
"12/29/2022","7.7961","7.7951","7.7982","7.7910","","0.02%"
"12/28/2022","7.7949","7.8007","7.8019","7.7864","","-0.07%"
"12/27/2022","7.8004","7.8068","7.8071","7.7983","","-0.07%"
"12/26/2022","7.8060","7.8042","7.8078","7.8034","","0.02%"
"12/23/2022","7.8041","7.7951","7.8068","7.7940","","0.12%"
"12/22/2022","7.7948","7.7970","7.7997","7.7877","","-0.03%"
"12/21/2022","7.7969","7.7875","7.7984","7.7870","","0.12%"
"12/20/2022","7.7873","7.7811","7.7888","7.7790","","0.08%"
"12/19/2022","7.7813","7.7836","7.7883","7.7759","","-0.03%"
"12/16/2022","7.7835","7.7769","7.7863","7.7750","","0.09%"
"12/15/2022","7.7767","7.7730","7.7801","7.7709","","0.05%"
"12/14/2022","7.7728","7.7741","7.7810","7.7703","","-0.01%"
"12/13/2022","7.7737","7.7764","7.7815","7.7717","","-0.03%"
"12/12/2022","7.7763","7.7867","7.7886","7.7677","","-0.12%"
"12/09/2022","7.7854","7.7860","7.7912","7.7807","","-0.01%"
"12/08/2022","7.7859","7.7916","7.7940","7.7820","","-0.07%"
"12/07/2022","7.7915","7.7764","7.7954","7.7719","","0.20%"
"12/06/2022","7.7759","7.7674","7.7831","7.7655","","0.11%"
"12/05/2022","7.7672","7.7889","7.7889","7.7614","","-0.28%"
"12/02/2022","7.7888","7.7797","7.7901","7.7773","","0.12%"
"12/01/2022","7.7795","7.8098","7.8098","7.7778","","-0.39%"
"11/30/2022","7.8097","7.8106","7.8131","7.7976","","-0.01%"
"11/29/2022","7.8103","7.8140","7.8157","7.8082","","-0.04%"
"11/28/2022","7.8138","7.8131","7.8219","7.8099","","0.01%"
"11/25/2022","7.8130","7.8081","7.8182","7.8070","","0.06%"
"11/24/2022","7.8080","7.8184","7.8191","7.8047","","-0.13%"
"11/23/2022","7.8183","7.8170","7.8215","7.8155","","0.01%"
"11/22/2022","7.8172","7.8032","7.8177","7.8014","","0.18%"
"11/21/2022","7.8031","7.8212","7.8239","7.8004","","-0.23%"
"11/18/2022","7.8214","7.8261","7.8284","7.8200","","-0.06%"
"11/17/2022","7.8259","7.8242","7.8299","7.8221","","0.03%"
"11/16/2022","7.8237","7.8193","7.8273","7.8176","","0.06%"
"11/15/2022","7.8192","7.8361","7.8371","7.8186","","-0.21%"
"11/14/2022","7.8359","7.8382","7.8419","7.8344","","0.00%"
"11/11/2022","7.8359","7.8446","7.8459","7.8341","","-0.11%"
"11/10/2022","7.8445","7.8495","7.8500","7.8440","","-0.06%"
"11/09/2022","7.8492","7.8499","7.8500","7.8489","","-0.01%"
"11/08/2022","7.8497","7.8498","7.8502","7.8495","","0.00%"
"11/07/2022","7.8497","7.8496","7.8501","7.8492","","0.01%"
"11/04/2022","7.8493","7.8499","7.8502","7.8493","","-0.01%"
"11/03/2022","7.8498","7.8495","7.8501","7.8489","","0.01%"
"11/02/2022","7.8494","7.8496","7.8502","7.8492","","0.00%"
"11/01/2022","7.8495","7.8492","7.8501","7.8487","","0.01%"
"10/31/2022","7.8491","7.8492","7.8500","7.8486","","0.00%"
"10/28/2022","7.8491","7.8496","7.8500","7.8470","","0.00%"
"10/27/2022","7.8493","7.8499","7.8499","7.8473","","0.00%"
"10/26/2022","7.8494","7.8500","7.8502","7.8489","","-0.01%"
"10/25/2022","7.8498","7.8499","7.8502","7.8494","","0.00%"
"10/24/2022","7.8498","7.8495","7.8501","7.8484","","0.01%"
"10/21/2022","7.8493","7.8491","7.8500","7.8485","","0.00%"
"10/20/2022","7.8491","7.8499","7.8500","7.8478","","-0.01%"
"10/19/2022","7.8498","7.8496","7.8502","7.8494","","0.00%"
"10/18/2022","7.8496","7.8499","7.8501","7.8486","","0.00%"
"10/17/2022","7.8499","7.8498","7.8502","7.8484","","0.00%"
"10/14/2022","7.8497","7.8498","7.8502","7.8495","","0.00%"
"10/13/2022","7.8494","7.8500","7.8501","7.8477","","-0.01%"
"10/12/2022","7.8499","7.8499","7.8502","7.8496","","0.00%"
"10/11/2022","7.8499","7.8499","7.8502","7.8495","","0.00%"
"10/10/2022","7.8497","7.8498","7.8502","7.8493","","0.00%"
"10/07/2022","7.8494","7.8499","7.8502","7.8496","","-0.01%"
"10/06/2022","7.8498","7.8499","7.8501","7.8493","","0.00%"
"10/05/2022","7.8498","7.8494","7.8500","7.8491","","0.01%"
"10/04/2022","7.8492","7.8499","7.8502","7.8492","","-0.01%"
"10/03/2022","7.8499","7.8495","7.8502","7.8494","","0.00%"
"09/30/2022","7.8498","7.8499","7.8502","7.8495","","0.00%"
"09/29/2022","7.8498","7.8489","7.8502","7.8488","","0.01%"
"09/28/2022","7.8490","7.8499","7.8502","7.8489","","-0.01%"
"09/27/2022","7.8499","7.8498","7.8502","7.8492","","0.00%"
"09/26/2022","7.8497","7.8495","7.8502","7.8492","","0.01%"
"09/23/2022","7.8493","7.8495","7.8502","7.8485","","0.00%"
"09/22/2022","7.8494","7.8499","7.8502","7.8484","","-0.01%"
"09/21/2022","7.8499","7.8493","7.8502","7.8492","","0.01%"
"09/20/2022","7.8491","7.8492","7.8499","7.8485","","0.00%"
"09/19/2022","7.8490","7.8494","7.8500","7.8485","","0.00%"
"09/16/2022","7.8491","7.8490","7.8501","7.8479","","0.00%"
"09/15/2022","7.8490","7.8488","7.8496","7.8463","","0.00%"
"09/14/2022","7.8488","7.8498","7.8500","7.8480","","-0.01%"
"09/13/2022","7.8494","7.8491","7.8500","7.8477","","0.01%"
"09/12/2022","7.8487","7.8491","7.8496","7.8484","","0.01%"
"09/09/2022","7.8483","7.8495","7.8498","7.8481","","-0.01%"
"09/08/2022","7.8492","7.8498","7.8502","7.8489","","-0.01%"
"09/07/2022","7.8497","7.8496","7.8501","7.8492","","0.00%"
"09/06/2022","7.8495","7.8491","7.8500","7.8485","","0.01%"
"09/05/2022","7.8489","7.8488","7.8498","7.8484","","-0.01%"
"09/02/2022","7.8495","7.8481","7.8498","7.8479","","0.02%"
"09/01/2022","7.8480","7.8491","7.8494","7.8471","","-0.01%"
"08/31/2022","7.8490","7.8487","7.8495","7.8471","","0.01%"
"08/30/2022","7.8485","7.8471","7.8493","7.8461","","0.02%"
"08/29/2022","7.8472","7.8463","7.8488","7.8462","","0.01%"
"08/26/2022","7.8466","7.8465","7.8478","7.8446","","0.00%"
"08/25/2022","7.8465","7.8468","7.8471","7.8439","","0.00%"
"08/24/2022","7.8467","7.8475","7.8479","7.8412","","0.00%"
"08/23/2022","7.8467","7.8465","7.8482","7.8459","","0.01%"
"08/22/2022","7.8463","7.8457","7.8473","7.8448","","0.01%"
"08/19/2022","7.8452","7.8443","7.8470","7.8434","","0.01%"
"08/18/2022","7.8444","7.8434","7.8456","7.8414","","0.02%"
"08/17/2022","7.8431","7.8414","7.8439","7.8355","","0.02%"
"08/16/2022","7.8413","7.8376","7.8436","7.8352","","0.05%"
"08/15/2022","7.8375","7.8384","7.8397","7.8320","","0.02%"
"08/12/2022","7.8357","7.8443","7.8445","7.8277","","-0.11%"
"08/11/2022","7.8445","7.8467","7.8478","7.8428","","-0.02%"
"08/10/2022","7.8463","7.8499","7.8502","7.8456","","-0.05%"
"08/09/2022","7.8499","7.8499","7.8502","7.8492","","0.00%"
"08/08/2022","7.8499","7.8496","7.8503","7.8492","","0.00%"
"08/05/2022","7.8497","7.8496","7.8502","7.8495","","0.00%"
"08/04/2022","7.8497","7.8499","7.8501","7.8489","","0.00%"
"08/03/2022","7.8498","7.8499","7.8502","7.8495","","0.00%"
"08/02/2022","7.8498","7.8499","7.8502","7.8493","","0.00%"
"08/01/2022","7.8499","7.8499","7.8502","7.8491","","0.00%"
"07/29/2022","7.8497","7.8499","7.8502","7.8495","","0.00%"
"07/28/2022","7.8496","7.8495","7.8500","7.8488","","0.01%"
"07/27/2022","7.8492","7.8493","7.8501","7.8484","","0.00%"
"07/26/2022","7.8492","7.8492","7.8500","7.8484","","0.00%"
"07/25/2022","7.8491","7.8485","7.8497","7.8480","","0.01%"
"07/22/2022","7.8484","7.8491","7.8500","7.8475","","0.00%"
"07/21/2022","7.8487","7.8499","7.8499","7.8478","","-0.01%"
"07/20/2022","7.8498","7.8500","7.8502","7.8496","","0.00%"
"07/19/2022","7.8499","7.8498","7.8502","7.8495","","0.00%"
"07/18/2022","7.8499","7.8500","7.8502","7.8493","","0.00%"
"07/15/2022","7.8498","7.8498","7.8505","7.8496","","0.00%"
"07/14/2022","7.8497","7.8499","7.8502","7.8491","","0.00%"
"07/13/2022","7.8499","7.8499","7.8502","7.8492","","0.00%"
"07/12/2022","7.8499","7.8498","7.8501","7.8495","","0.00%"
"07/11/2022","7.8497","7.8486","7.8501","7.8485","","0.01%"
"07/08/2022","7.8487","7.8478","7.8496","7.8471","","0.02%"
"07/07/2022","7.8475","7.8472","7.8488","7.8467","","0.01%"
"07/06/2022","7.8470","7.8467","7.8479","7.8464","","0.01%"
"07/05/2022","7.8466","7.8458","7.8480","7.8453","","0.02%"
"07/04/2022","7.8454","7.8467","7.8479","7.8451","","-0.01%"
"07/01/2022","7.8465","7.8463","7.8484","7.8460","","0.00%"
"06/30/2022","7.8462","7.8467","7.8485","7.8449","","0.00%"
"06/29/2022","7.8462","7.8475","7.8482","7.8450","","-0.02%"
"06/28/2022","7.8474","7.8470","7.8492","7.8456","","0.01%"
"06/27/2022","7.8469","7.8495","7.8496","7.8449","","-0.03%"
"06/24/2022","7.8489","7.8498","7.8500","7.8485","","-0.01%"
"06/23/2022","7.8497","7.8499","7.8501","7.8483","","0.00%"
"06/22/2022","7.8499","7.8500","7.8502","7.8496","","0.00%"
"06/21/2022","7.8499","7.8499","7.8502","7.8498","","0.00%"
"06/20/2022","7.8498","7.8498","7.8502","7.8495","","0.01%"
"06/17/2022","7.8494","7.8495","7.8502","7.8493","","0.00%"
"06/16/2022","7.8494","7.8499","7.8502","7.8482","","-0.01%"
"06/15/2022","7.8499","7.8501","7.8503","7.8495","","0.00%"
"06/14/2022","7.8499","7.8499","7.8503","7.8497","","0.00%"
"06/13/2022","7.8498","7.8495","7.8502","7.8491","","0.01%"
"06/10/2022","7.8490","7.8490","7.8502","7.8486","","0.00%"
"06/09/2022","7.8488","7.8484","7.8495","7.8470","","0.01%"
"06/08/2022","7.8482","7.8465","7.8485","7.8453","","0.03%"
"06/07/2022","7.8462","7.8450","7.8471","7.8445","","0.02%"
"06/06/2022","7.8446","7.8453","7.8468","7.8439","","0.00%"
"06/03/2022","7.8449","7.8447","7.8464","7.8438","","0.00%"
"06/02/2022","7.8447","7.8478","7.8481","7.8447","","-0.04%"
"06/01/2022","7.8477","7.8470","7.8479","7.8438","","0.01%"
"05/31/2022","7.8469","7.8486","7.8493","7.8450","","-0.02%"
"05/30/2022","7.8485","7.8493","7.8497","7.8480","","-0.01%"
"05/27/2022","7.8489","7.8496","7.8502","7.8488","","-0.01%"
"05/26/2022","7.8494","7.8498","7.8502","7.8491","","0.00%"
"05/25/2022","7.8497","7.8492","7.8502","7.8488","","0.01%"
"05/24/2022","7.8492","7.8492","7.8499","7.8488","","0.00%"
"05/23/2022","7.8492","7.8478","7.8500","7.8474","","0.02%"
"05/20/2022","7.8474","7.8476","7.8489","7.8467","","0.00%"
"05/19/2022","7.8474","7.8490","7.8493","7.8465","","-0.02%"
"05/18/2022","7.8491","7.8493","7.8499","7.8471","","0.00%"
"05/17/2022","7.8492","7.8499","7.8500","7.8488","","-0.01%"
"05/16/2022","7.8498","7.8498","7.8502","7.8496","","0.00%"
"05/13/2022","7.8498","7.8500","7.8505","7.8496","","0.00%"
"05/12/2022","7.8499","7.8499","7.8502","7.8496","","0.00%"
"05/11/2022","7.8498","7.8499","7.8502","7.8495","","0.00%"
"05/10/2022","7.8497","7.8498","7.8502","7.8492","","0.00%"
"05/09/2022","7.8497","7.8495","7.8501","7.8495","","0.00%"
"05/06/2022","7.8494","7.8493","7.8500","7.8491","","0.00%"
"05/05/2022","7.8492","7.8486","7.8496","7.8479","","0.01%"
"05/04/2022","7.8484","7.8473","7.8491","7.8471","","0.02%"
"05/03/2022","7.8471","7.8477","7.8491","7.8471","","-0.01%"
"05/02/2022","7.8475","7.8464","7.8482","7.8461","","0.01%"
"04/29/2022","7.8466","7.8470","7.8486","7.8457","","0.00%"
"04/28/2022","7.8468","7.8464","7.8478","7.8456","","0.01%"
"04/27/2022","7.8463","7.8454","7.8479","7.8446","","0.02%"
"04/26/2022","7.8451","7.8474","7.8480","7.8445","","-0.03%"
"04/25/2022","7.8473","7.8463","7.8481","7.8453","","0.02%"
"04/22/2022","7.8460","7.8446","7.8471","7.8443","","0.02%"
"04/21/2022","7.8446","7.8437","7.8452","7.8431","","0.01%"
"04/20/2022","7.8437","7.8423","7.8446","7.8414","","0.02%"
"04/19/2022","7.8421","7.8412","7.8444","7.8400","","0.02%"
"04/18/2022","7.8409","7.8436","7.8443","7.8411","","-0.04%"
"04/15/2022","7.8439","7.8429","7.8447","7.8425","","0.02%"
"04/14/2022","7.8425","7.8390","7.8431","7.8383","","0.04%"
"04/13/2022","7.8392","7.8372","7.8400","7.8363","","0.03%"
"04/12/2022","7.8369","7.8382","7.8390","7.8355","","-0.02%"
"04/11/2022","7.8381","7.8391","7.8401","7.8373","","-0.01%"
"04/08/2022","7.8387","7.8377","7.8400","7.8363","","0.02%"
"04/07/2022","7.8375","7.8380","7.8394","7.8359","","0.00%"
"04/06/2022","7.8376","7.8344","7.8397","7.8333","","0.04%"
"04/05/2022","7.8348","7.8347","7.8361","7.8321","","0.00%"
"04/04/2022","7.8345","7.8335","7.8365","7.8335","","0.01%"
"04/01/2022","7.8334","7.8327","7.8361","7.8314","","0.02%"
"03/31/2022","7.8321","7.8271","7.8344","7.8267","","0.06%"
"03/30/2022","7.8272","7.8273","7.8281","7.8254","","0.00%"
"03/29/2022","7.8271","7.8295","7.8300","7.8260","","-0.03%"
"03/28/2022","7.8297","7.8281","7.8302","7.8271","","0.02%"
"03/25/2022","7.8281","7.8231","7.8294","7.8225","","0.07%"
"03/24/2022","7.8229","7.8239","7.8254","7.8225","","-0.01%"
"03/23/2022","7.8235","7.8267","7.8282","7.8228","","-0.04%"
"03/22/2022","7.8264","7.8250","7.8293","7.8246","","0.02%"
"03/21/2022","7.8251","7.8246","7.8271","7.8229","","0.01%"
"03/18/2022","7.8244","7.8183","7.8252","7.8162","","0.08%"
"03/17/2022","7.8182","7.8197","7.8222","7.8158","","-0.01%"
"03/16/2022","7.8191","7.8282","7.8287","7.8187","","-0.11%"
"03/15/2022","7.8281","7.8299","7.8309","7.8225","","-0.02%"
"03/14/2022","7.8297","7.8289","7.8309","7.8271","","0.01%"
"03/11/2022","7.8287","7.8228","7.8298","7.8211","","0.08%"
"03/10/2022","7.8225","7.8197","7.8231","7.8186","","0.04%"
"03/09/2022","7.8192","7.8184","7.8215","7.8172","","0.01%"
"03/08/2022","7.8187","7.8194","7.8228","7.8175","","-0.01%"
"03/07/2022","7.8194","7.8137","7.8201","7.8135","","0.07%"
"03/04/2022","7.8136","7.8162","7.8186","7.8116","","-0.03%"
"03/03/2022","7.8158","7.8130","7.8165","7.8124","","0.04%"
"03/02/2022","7.8128","7.8158","7.8171","7.8120","","-0.04%"
"03/01/2022","7.8157","7.8141","7.8175","7.8126","","0.02%"
"02/28/2022","7.8139","7.8083","7.8152","7.8070","","0.07%"
"02/25/2022","7.8082","7.8078","7.8097","7.8063","","0.01%"
"02/24/2022","7.8077","7.8049","7.8101","7.8042","","0.04%"
"02/23/2022","7.8048","7.8021","7.8059","7.8015","","0.04%"
"02/22/2022","7.8017","7.8014","7.8039","7.8007","","0.01%"
"02/21/2022","7.8012","7.8000","7.8028","7.7995","","0.02%"
"02/18/2022","7.7999","7.7991","7.8015","7.7986","","0.01%"
"02/17/2022","7.7989","7.8011","7.8025","7.7986","","-0.02%"
"02/16/2022","7.8005","7.8011","7.8028","7.8001","","-0.01%"
"02/15/2022","7.8012","7.8021","7.8040","7.8010","","-0.01%"
"02/14/2022","7.8016","7.8004","7.8040","7.7998","","0.02%"
"02/11/2022","7.7999","7.7951","7.8047","7.7941","","0.06%"
"02/10/2022","7.7949","7.7905","7.7955","7.7905","","0.06%"
"02/09/2022","7.7904","7.7940","7.7948","7.7905","","-0.04%"
"02/08/2022","7.7937","7.7926","7.7969","7.7917","","0.02%"
"02/07/2022","7.7924","7.7882","7.7947","7.7879","","0.06%"
"02/04/2022","7.7879","7.7930","7.7941","7.7875","","-0.06%"
"02/03/2022","7.7927","7.7959","7.7975","7.7925","","-0.04%"
"02/02/2022","7.7955","7.7941","7.7978","7.7930","","0.02%"
"02/01/2022","7.7937","7.7975","7.7979","7.7936","","-0.05%"
"01/31/2022","7.7974","7.7923","7.8007","7.7920","","0.07%"
"01/28/2022","7.7918","7.7902","7.7948","7.7885","","0.03%"
"01/27/2022","7.7896","7.7864","7.7920","7.7864","","0.04%"
"01/26/2022","7.7866","7.7861","7.7877","7.7841","","0.01%"
"01/25/2022","7.7860","7.7860","7.7881","7.7844","","0.00%"
"01/24/2022","7.7860","7.7868","7.7884","7.7842","","0.00%"
"01/21/2022","7.7863","7.7863","7.7896","7.7850","","0.00%"
"01/20/2022","7.7862","7.7898","7.7923","7.7839","","-0.04%"
"01/19/2022","7.7895","7.7919","7.7933","7.7895","","-0.03%"
"01/18/2022","7.7916","7.7908","7.7950","7.7889","","0.01%"
"01/17/2022","7.7906","7.7849","7.7920","7.7835","","0.07%"
"01/14/2022","7.7848","7.7866","7.7889","7.7825","","-0.03%"
"01/13/2022","7.7869","7.7910","7.7928","7.7857","","-0.05%"
"01/12/2022","7.7909","7.7955","7.7976","7.7892","","-0.06%"
"01/11/2022","7.7953","7.7955","7.7980","7.7949","","0.00%"
"01/10/2022","7.7953","7.7975","7.7991","7.7945","","-0.03%"
"01/07/2022","7.7980","7.8008","7.8019","7.7966","","-0.03%"
"01/06/2022","7.8006","7.7965","7.8024","7.7941","","0.05%"
"01/05/2022","7.7967","7.7942","7.7971","7.7925","","0.04%"
"01/04/2022","7.7934","7.7973","7.7984","7.7935","","-0.05%"
"01/03/2022","7.7972","7.7959","7.8004","7.7954","","0.02%"
"12/31/2021","7.7958","7.7994","7.7997","7.7949","","-0.04%"
"12/30/2021","7.7993","7.7966","7.8008","7.7965","","0.03%"
"12/29/2021","7.7966","7.7983","7.7991","7.7954","","-0.02%"
"12/28/2021","7.7983","7.7990","7.8005","7.7980","","-0.01%"
"12/27/2021","7.7989","7.8000","7.8018","7.7983","","-0.01%"
"12/24/2021","7.7997","7.7983","7.8001","7.7982","","0.01%"
"12/23/2021","7.7986","7.7998","7.8010","7.7978","","-0.01%"
"12/22/2021","7.7995","7.8012","7.8017","7.7986","","-0.02%"
"12/21/2021","7.8007","7.8015","7.8032","7.7980","","0.00%"
"12/20/2021","7.8010","7.8025","7.8042","7.7984","","-0.02%"
"12/17/2021","7.8025","7.8038","7.8042","7.8002","","-0.01%"
"12/16/2021","7.8036","7.8022","7.8048","7.8003","","0.02%"
"12/15/2021","7.8022","7.8014","7.8036","7.8007","","0.02%"
"12/14/2021","7.8006","7.8014","7.8044","7.8004","","0.00%"
"12/13/2021","7.8009","7.7989","7.8045","7.7975","","0.03%"
"12/10/2021","7.7985","7.7972","7.8007","7.7965","","0.02%"
"12/09/2021","7.7969","7.7977","7.7993","7.7957","","-0.01%"
"12/08/2021","7.7974","7.7987","7.7995","7.7957","","-0.01%"
"12/07/2021","7.7985","7.8001","7.8019","7.7957","","-0.02%"
"12/06/2021","7.8000","7.7954","7.8019","7.7951","","0.08%"
"12/03/2021","7.7938","7.7910","7.7979","7.7892","","0.04%"
"12/02/2021","7.7908","7.7930","7.7944","7.7882","","-0.03%"
"12/01/2021","7.7928","7.7973","7.7982","7.7908","","-0.05%"
"11/30/2021","7.7970","7.7997","7.8021","7.7952","","-0.03%"
"11/29/2021","7.7996","7.7986","7.8001","7.7974","","0.01%"
"11/26/2021","7.7985","7.7968","7.7997","7.7950","","0.03%"
"11/25/2021","7.7964","7.7986","7.7989","7.7954","","-0.03%"
"11/24/2021","7.7984","7.7941","7.7990","7.7921","","0.05%"
"11/23/2021","7.7942","7.7898","7.7947","7.7894","","0.06%"
"11/22/2021","7.7897","7.7906","7.7925","7.7882","","-0.01%"
"11/19/2021","7.7906","7.7890","7.7930","7.7883","","0.02%"
"11/18/2021","7.7887","7.7881","7.7901","7.7875","","0.01%"
"11/17/2021","7.7877","7.7871","7.7899","7.7861","","0.01%"
"11/16/2021","7.7868","7.7885","7.7899","7.7857","","-0.02%"
"11/15/2021","7.7884","7.7906","7.7931","7.7883","","-0.03%"
"11/12/2021","7.7905","7.7920","7.7940","7.7891","","-0.01%"
"11/11/2021","7.7916","7.7916","7.7936","7.7888","","0.01%"
"11/10/2021","7.7911","7.7905","7.7920","7.7881","","0.01%"
"11/09/2021","7.7904","7.7885","7.7913","7.7878","","0.03%"
"11/08/2021","7.7882","7.7829","7.7891","7.7826","","0.08%"
"11/05/2021","7.7823","7.7825","7.7860","7.7817","","0.00%"
"11/04/2021","7.7825","7.7840","7.7849","7.7817","","-0.02%"
"11/03/2021","7.7838","7.7822","7.7861","7.7808","","0.02%"
"11/02/2021","7.7820","7.7830","7.7835","7.7803","","-0.01%"
"11/01/2021","7.7827","7.7788","7.7835","7.7787","","0.05%"
"10/29/2021","7.7787","7.7775","7.7808","7.7750","","0.02%"
"10/28/2021","7.7771","7.7776","7.7787","7.7761","","-0.01%"
"10/27/2021","7.7778","7.7757","7.7791","7.7754","","0.03%"
"10/26/2021","7.7755","7.7741","7.7765","7.7735","","0.02%"
"10/25/2021","7.7743","7.7738","7.7746","7.7726","","0.02%"
"10/22/2021","7.7729","7.7748","7.7760","7.7724","","-0.02%"
"10/21/2021","7.7746","7.7735","7.7769","7.7724","","0.01%"
"10/20/2021","7.7735","7.7753","7.7778","7.7724","","-0.02%"
"10/19/2021","7.7751","7.7778","7.7793","7.7750","","-0.03%"
"10/18/2021","7.7775","7.7765","7.7807","7.7762","","0.01%"
"10/15/2021","7.7765","7.7784","7.7821","7.7764","","-0.02%"
"10/14/2021","7.7782","7.7796","7.7801","7.7780","","-0.01%"
"10/13/2021","7.7793","7.7818","7.7832","7.7790","","-0.03%"
"10/12/2021","7.7815","7.7786","7.7832","7.7781","","0.05%"
"10/11/2021","7.7779","7.7841","7.7852","7.7778","","-0.08%"
"10/08/2021","7.7839","7.7850","7.7864","7.7835","","-0.01%"
"10/07/2021","7.7848","7.7865","7.7873","7.7840","","-0.02%"
"10/06/2021","7.7863","7.7856","7.7880","7.7840","","0.01%"
"10/05/2021","7.7856","7.7872","7.7881","7.7833","","-0.02%"
"10/04/2021","7.7870","7.7845","7.7884","7.7845","","0.03%"
"10/01/2021","7.7844","7.7860","7.7870","7.7842","","-0.02%"
"09/30/2021","7.7859","7.7856","7.7896","7.7841","","0.01%"
"09/29/2021","7.7854","7.7829","7.7860","7.7825","","0.03%"
"09/28/2021","7.7827","7.7834","7.7845","7.7806","","-0.01%"
"09/27/2021","7.7832","7.7854","7.7863","7.7825","","-0.03%"
"09/24/2021","7.7854","7.7845","7.7868","7.7828","","0.01%"
"09/23/2021","7.7843","7.7864","7.7867","7.7831","","-0.02%"
"09/22/2021","7.7862","7.7866","7.7883","7.7839","","-0.01%"
"09/21/2021","7.7867","7.7873","7.7885","7.7835","","0.00%"
"09/20/2021","7.7869","7.7824","7.7882","7.7814","","0.07%"
"09/17/2021","7.7818","7.7830","7.7844","7.7800","","0.00%"
"09/16/2021","7.7820","7.7820","7.7855","7.7806","","0.00%"
"09/15/2021","7.7818","7.7783","7.7830","7.7776","","0.05%"
"09/14/2021","7.7779","7.7802","7.7805","7.7772","","-0.02%"
"09/13/2021","7.7797","7.7776","7.7809","7.7771","","0.03%"
"09/10/2021","7.7776","7.7776","7.7790","7.7745","","0.00%"
"09/09/2021","7.7777","7.7762","7.7790","7.7755","","0.02%"
"09/08/2021","7.7759","7.7746","7.7778","7.7737","","0.02%"
"09/07/2021","7.7745","7.7736","7.7755","7.7721","","0.02%"
"09/06/2021","7.7732","7.7713","7.7751","7.7708","","0.03%"
"09/03/2021","7.7705","7.7712","7.7736","7.7699","","0.00%"
"09/02/2021","7.7707","7.7772","7.7776","7.7705","","-0.08%"
"09/01/2021","7.7769","7.7773","7.7797","7.7751","","-0.01%"
"08/31/2021","7.7773","7.7866","7.7876","7.7768","","-0.11%"
"08/30/2021","7.7860","7.7877","7.7898","7.7857","","-0.02%"
"08/27/2021","7.7876","7.7874","7.7916","7.7867","","0.01%"
"08/26/2021","7.7872","7.7839","7.7881","7.7825","","0.04%"
"08/25/2021","7.7838","7.7880","7.7893","7.7825","","-0.05%"
"08/24/2021","7.7876","7.7927","7.7928","7.7870","","-0.06%"
"08/23/2021","7.7924","7.7906","7.7931","7.7875","","0.02%"
"08/20/2021","7.7909","7.7900","7.7924","7.7881","","0.01%"
"08/19/2021","7.7898","7.7874","7.7930","7.7874","","0.02%"
"08/18/2021","7.7881","7.7925","7.7945","7.7858","","-0.05%"
"08/17/2021","7.7922","7.7843","7.7944","7.7838","","0.10%"
"08/16/2021","7.7841","7.7828","7.7861","7.7821","","0.02%"
"08/13/2021","7.7828","7.7811","7.7841","7.7807","","0.02%"
"08/12/2021","7.7812","7.7789","7.7824","7.7782","","0.04%"
"08/11/2021","7.7784","7.7815","7.7829","7.7779","","-0.04%"
"08/10/2021","7.7813","7.7837","7.7840","7.7804","","-0.03%"
"08/09/2021","7.7835","7.7793","7.7839","7.7790","","0.05%"
"08/06/2021","7.7795","7.7773","7.7811","7.7758","","0.03%"
"08/05/2021","7.7769","7.7755","7.7778","7.7748","","0.02%"
"08/04/2021","7.7754","7.7779","7.7790","7.7736","","-0.03%"
"08/03/2021","7.7781","7.7725","7.7790","7.7723","","0.07%"
"08/02/2021","7.7723","7.7726","7.7773","7.7716","","0.00%"
"07/30/2021","7.7720","7.7704","7.7764","7.7701","","0.02%"
"07/29/2021","7.7702","7.7807","7.7811","7.7701","","-0.13%"
"07/28/2021","7.7805","7.7852","7.7856","7.7779","","-0.06%"
"07/27/2021","7.7852","7.7783","7.7856","7.7753","","0.09%"
"07/26/2021","7.7784","7.7695","7.7800","7.7691","","0.12%"
"07/23/2021","7.7690","7.7709","7.7716","7.7681","","-0.02%"
"07/22/2021","7.7706","7.7733","7.7737","7.7699","","-0.03%"
"07/21/2021","7.7730","7.7729","7.7751","7.7716","","0.00%"
"07/20/2021","7.7728","7.7709","7.7734","7.7706","","0.03%"
"07/19/2021","7.7707","7.7680","7.7716","7.7674","","0.04%"
"07/16/2021","7.7678","7.7677","7.7694","7.7670","","0.00%"
"07/15/2021","7.7677","7.7667","7.7686","7.7661","","0.01%"
"07/14/2021","7.7667","7.7656","7.7681","7.7655","","0.01%"
"07/13/2021","7.7656","7.7667","7.7671","7.7649","","-0.01%"
"07/12/2021","7.7662","7.7675","7.7681","7.7660","","-0.01%"
"07/09/2021","7.7671","7.7681","7.7689","7.7660","","-0.01%"
"07/08/2021","7.7681","7.7682","7.7699","7.7674","","0.00%"
"07/07/2021","7.7681","7.7667","7.7689","7.7661","","0.02%"
"07/06/2021","7.7665","7.7677","7.7688","7.7661","","-0.01%"
"07/05/2021","7.7670","7.7652","7.7691","7.7652","","0.02%"
"07/02/2021","7.7651","7.7656","7.7689","7.7648","","0.00%"
"07/01/2021","7.7654","7.7652","7.7661","7.7640","","0.02%"
"06/30/2021","7.7641","7.7635","7.7668","7.7628","","0.01%"
"06/29/2021","7.7635","7.7624","7.7648","7.7617","","0.02%"
"06/28/2021","7.7623","7.7617","7.7632","7.7607","","0.01%"
"06/25/2021","7.7615","7.7635","7.7638","7.7611","","-0.02%"
"06/24/2021","7.7629","7.7656","7.7661","7.7628","","-0.03%"
"06/23/2021","7.7650","7.7666","7.7670","7.7647","","-0.02%"
"06/22/2021","7.7667","7.7649","7.7670","7.7636","","0.02%"
"06/21/2021","7.7648","7.7628","7.7652","7.7625","","0.03%"
"06/18/2021","7.7627","7.7648","7.7653","7.7625","","-0.02%"
"06/17/2021","7.7644","7.7628","7.7656","7.7625","","0.02%"
"06/16/2021","7.7630","7.7625","7.7635","7.7609","","0.01%"
"06/15/2021","7.7622","7.7615","7.7636","7.7613","","0.01%"
"06/14/2021","7.7616","7.7606","7.7625","7.7601","","0.01%"
"06/11/2021","7.7608","7.7601","7.7619","7.7590","","0.01%"
"06/10/2021","7.7603","7.7594","7.7611","7.7593","","0.01%"
"06/09/2021","7.7594","7.7600","7.7606","7.7582","","-0.01%"
"06/08/2021","7.7599","7.7592","7.7604","7.7582","","0.01%"
"06/07/2021","7.7590","7.7574","7.7596","7.7561","","0.03%"
"06/04/2021","7.7563","7.7585","7.7587","7.7561","","-0.02%"
"06/03/2021","7.7581","7.7586","7.7596","7.7573","","0.00%"
"06/02/2021","7.7584","7.7592","7.7600","7.7579","","-0.01%"
"06/01/2021","7.7589","7.7610","7.7618","7.7586","","-0.02%"
"05/31/2021","7.7607","7.7618","7.7624","7.7599","","-0.01%"
"05/28/2021","7.7615","7.7604","7.7625","7.7586","","0.02%"
"05/27/2021","7.7602","7.7622","7.7635","7.7582","","-0.02%"
"05/26/2021","7.7621","7.7625","7.7633","7.7611","","0.00%"
"05/25/2021","7.7624","7.7649","7.7656","7.7620","","-0.03%"
"05/24/2021","7.7646","7.7642","7.7661","7.7631","","0.01%"
"05/21/2021","7.7642","7.7627","7.7652","7.7619","","0.02%"
"05/20/2021","7.7624","7.7649","7.7656","7.7618","","-0.03%"
"05/19/2021","7.7645","7.7656","7.7660","7.7641","","-0.01%"
"05/18/2021","7.7656","7.7664","7.7670","7.7641","","-0.01%"
"05/17/2021","7.7664","7.7673","7.7682","7.7660","","-0.02%"
"05/14/2021","7.7676","7.7681","7.7685","7.7657","","0.00%"
"05/13/2021","7.7679","7.7661","7.7688","7.7655","","0.03%"
"05/12/2021","7.7658","7.7685","7.7689","7.7653","","-0.03%"
"05/11/2021","7.7683","7.7655","7.7691","7.7653","","0.04%"
"05/10/2021","7.7653","7.7664","7.7671","7.7650","","-0.01%"
"05/07/2021","7.7661","7.7681","7.7692","7.7655","","-0.03%"
"05/06/2021","7.7681","7.7694","7.7701","7.7676","","-0.01%"
"05/05/2021","7.7692","7.7681","7.7702","7.7673","","0.02%"
"05/04/2021","7.7680","7.7667","7.7687","7.7660","","0.02%"
"05/03/2021","7.7664","7.7670","7.7685","7.7657","","-0.01%"
"04/30/2021","7.7674","7.7632","7.7680","7.7625","","0.06%"
"04/29/2021","7.7631","7.7635","7.7639","7.7617","","0.00%"
"04/28/2021","7.7631","7.7619","7.7640","7.7611","","0.02%"
"04/27/2021","7.7618","7.7601","7.7628","7.7600","","0.02%"
"04/26/2021","7.7601","7.7600","7.7618","7.7590","","0.01%"
"04/23/2021","7.7594","7.7599","7.7632","7.7590","","-0.01%"
"04/22/2021","7.7598","7.7638","7.7645","7.7589","","-0.06%"
"04/21/2021","7.7641","7.7614","7.7649","7.7600","","0.04%"
"04/20/2021","7.7612","7.7657","7.7680","7.7606","","-0.06%"
"04/19/2021","7.7656","7.7709","7.7737","7.7650","","-0.07%"
"04/16/2021","7.7712","7.7673","7.7731","7.7663","","0.05%"
"04/15/2021","7.7673","7.7665","7.7685","7.7644","","0.03%"
"04/14/2021","7.7647","7.7733","7.7742","7.7649","","-0.10%"
"04/13/2021","7.7728","7.7736","7.7748","7.7717","","-0.01%"
"04/12/2021","7.7734","7.7776","7.7801","7.7719","","-0.06%"
"04/09/2021","7.7779","7.7772","7.7799","7.7761","","0.01%"
"04/08/2021","7.7768","7.7853","7.7853","7.7759","","-0.10%"
"04/07/2021","7.7847","7.7765","7.7866","7.7759","","0.11%"
"04/06/2021","7.7760","7.7761","7.7776","7.7754","","0.00%"
"04/05/2021","7.7759","7.7757","7.7772","7.7754","","0.00%"
"04/02/2021","7.7759","7.7755","7.7771","7.7749","","0.01%"
"04/01/2021","7.7753","7.7741","7.7776","7.7735","","0.02%"
"03/31/2021","7.7739","7.7747","7.7761","7.7733","","-0.01%"
"03/30/2021","7.7747","7.7733","7.7765","7.7725","","0.02%"
"03/29/2021","7.7731","7.7696","7.7751","7.7688","","0.06%"
"03/26/2021","7.7686","7.7688","7.7700","7.7683","","0.00%"
"03/25/2021","7.7684","7.7677","7.7702","7.7675","","0.00%"
"03/24/2021","7.7681","7.7670","7.7698","7.7668","","0.01%"
"03/23/2021","7.7671","7.7660","7.7681","7.7650","","0.02%"
"03/22/2021","7.7658","7.7652","7.7681","7.7648","","0.01%"
"03/19/2021","7.7647","7.7648","7.7674","7.7641","","0.00%"
"03/18/2021","7.7646","7.7656","7.7661","7.7635","","-0.01%"
"03/17/2021","7.7653","7.7652","7.7675","7.7646","","0.01%"
"03/16/2021","7.7648","7.7655","7.7672","7.7635","","-0.01%"
"03/15/2021","7.7654","7.7627","7.7663","7.7611","","0.04%"
"03/12/2021","7.7625","7.7593","7.7668","7.7575","","0.05%"
"03/11/2021","7.7585","7.7615","7.7625","7.7576","","-0.03%"
"03/10/2021","7.7612","7.7610","7.7650","7.7603","","0.01%"
"03/09/2021","7.7608","7.7691","7.7701","7.7604","","-0.10%"
"03/08/2021","7.7688","7.7636","7.7701","7.7622","","0.07%"
"03/05/2021","7.7632","7.7590","7.7657","7.7582","","0.06%"
"03/04/2021","7.7589","7.7568","7.7602","7.7561","","0.03%"
"03/03/2021","7.7567","7.7569","7.7589","7.7561","","0.00%"
"03/02/2021","7.7570","7.7564","7.7589","7.7557","","0.01%"
"03/01/2021","7.7562","7.7566","7.7590","7.7555","","0.00%"
"02/26/2021","7.7564","7.7541","7.7575","7.7538","","0.03%"
"02/25/2021","7.7540","7.7548","7.7552","7.7534","","-0.01%"
"02/24/2021","7.7546","7.7537","7.7555","7.7531","","0.01%"
"02/23/2021","7.7537","7.7536","7.7542","7.7529","","0.01%"
"02/22/2021","7.7533","7.7533","7.7540","7.7527","","0.00%"
"02/19/2021","7.7532","7.7529","7.7538","7.7524","","0.01%"
"02/18/2021","7.7527","7.7527","7.7531","7.7522","","0.00%"
"02/17/2021","7.7524","7.7524","7.7531","7.7521","","0.00%"
"02/16/2021","7.7521","7.7527","7.7531","7.7520","","-0.01%"
"02/15/2021","7.7525","7.7529","7.7533","7.7523","","-0.01%"
"02/12/2021","7.7529","7.7529","7.7533","7.7524","","0.00%"
"02/11/2021","7.7527","7.7522","7.7532","7.7521","","0.01%"
"02/10/2021","7.7522","7.7517","7.7527","7.7516","","0.01%"
"02/09/2021","7.7516","7.7523","7.7526","7.7515","","-0.01%"
"02/08/2021","7.7522","7.7529","7.7534","7.7519","","-0.01%"
"02/05/2021","7.7527","7.7527","7.7533","7.7520","","0.00%"
"02/04/2021","7.7527","7.7516","7.7530","7.7512","","0.02%"
"02/03/2021","7.7515","7.7517","7.7519","7.7509","","0.00%"
"02/02/2021","7.7514","7.7530","7.7533","7.7513","","-0.02%"
"02/01/2021","7.7526","7.7530","7.7535","7.7523","","0.00%"
"01/29/2021","7.7528","7.7527","7.7541","7.7522","","0.00%"
"01/28/2021","7.7525","7.7520","7.7536","7.7516","","0.01%"
"01/27/2021","7.7519","7.7520","7.7527","7.7513","","0.00%"
"01/26/2021","7.7519","7.7516","7.7532","7.7509","","0.01%"
"01/25/2021","7.7512","7.7523","7.7526","7.7511","","-0.01%"
"01/22/2021","7.7519","7.7517","7.7527","7.7515","","0.01%"
"01/21/2021","7.7515","7.7519","7.7522","7.7514","","0.00%"
"01/20/2021","7.7517","7.7523","7.7526","7.7513","","-0.01%"
"01/19/2021","7.7523","7.7534","7.7536","7.7515","","-0.01%"
"01/18/2021","7.7534","7.7540","7.7543","7.7530","","-0.01%"
"01/15/2021","7.7538","7.7537","7.7547","7.7530","","0.00%"
"01/14/2021","7.7536","7.7537","7.7544","7.7527","","0.01%"
"01/13/2021","7.7532","7.7547","7.7551","7.7531","","-0.02%"
"01/12/2021","7.7548","7.7555","7.7558","7.7540","","0.00%"
"01/11/2021","7.7551","7.7565","7.7567","7.7534","","-0.02%"
"01/08/2021","7.7563","7.7537","7.7575","7.7524","","0.04%"
"01/07/2021","7.7533","7.7532","7.7540","7.7522","","0.00%"
"01/06/2021","7.7530","7.7533","7.7536","7.7526","","0.00%"
"01/05/2021","7.7531","7.7536","7.7538","7.7524","","0.00%"
"01/04/2021","7.7533","7.7536","7.7541","7.7519","","0.01%"
"01/01/2021","7.7524","7.7526","7.7536","7.7525","","0.00%"
"12/31/2020","7.7523","7.7526","7.7541","7.7510","","0.00%"
"12/30/2020","7.7522","7.7540","7.7544","7.7519","","-0.02%"
"12/29/2020","7.7538","7.7558","7.7561","7.7524","","-0.03%"